"order_id","customer_id","employe_id","order_date","required_date","shipped_date","ship_via","poids","ship_name","adresse_id","livraison_methode_id"
10248,VINET,5,2020-01-04,2020-02-01,2020-01-16,3,32.38,Vins et alcools Chevalier,1151,3
10249,TOMSP,6,2020-01-05,2020-02-16,2020-01-10,1,11.61,Toms Spezialitäten,1079,3
10250,HANAR,4,2020-01-08,2020-02-05,2020-01-12,2,65.83,Hanari Carnes,1034,1
10251,VICTE,3,2020-01-08,2020-02-05,2020-01-15,1,41.34,Victuailles en stock,1084,1
10252,SUPRD,4,2020-01-09,2020-02-06,2020-01-11,2,51.3,Suprêmes délices,1076,1
10253,HANAR,3,2020-01-10,2020-01-24,2020-01-16,2,58.17,Hanari Carnes,1034,1
10254,CHOPS,5,2020-01-11,2020-02-08,2020-01-23,2,22.98,Chop-suey Chinese,1154,2
10255,RICSU,9,2020-01-12,2020-02-09,2020-01-15,3,148.33,Richter Supermarkt,1155,3
10256,WELLI,3,2020-01-15,2020-02-12,2020-01-17,2,13.97,Wellington Importadora,1088,1
10257,HILAA,4,2020-01-16,2020-02-13,2020-01-22,3,81.91,HILARION-Abastos,1035,1
10258,ERNSH,1,2020-01-17,2020-02-14,2020-01-23,1,140.51,Ernst Handel,1020,4
10259,CENTC,4,2020-01-18,2020-02-15,2020-01-25,3,3.25,Centro comercial Moctezuma,1013,1
10260,OTTIK,4,2020-01-19,2020-02-16,2020-01-29,1,55.09,Ottilies Käseladen,1056,2
10261,QUEDE,4,2020-01-19,2020-02-16,2020-01-30,2,3.05,Que Delícia,1061,2
10262,RATTC,8,2020-01-22,2020-02-19,2020-01-25,3,48.29,Rattlesnake Canyon Grocery,1065,1
10263,ERNSH,9,2020-01-23,2020-02-20,2020-01-31,3,146.06,Ernst Handel,1020,2
10264,FOLKO,6,2020-01-24,2020-02-21,2020-02-23,3,3.67,Folk och fä HB,1024,3
10265,BLONP,2,2020-01-25,2020-02-22,2020-02-12,1,55.28,Blondel père et fils,1007,1
10266,WARTH,3,2020-01-26,2020-03-06,2020-01-31,3,25.73,Wartian Herkku,1087,4
10267,FRANK,4,2020-01-29,2020-02-26,2020-02-06,1,208.58,Frankenversand,1025,4
10268,GROSR,8,2020-01-30,2020-02-27,2020-02-02,3,66.29,GROSELLA-Restaurante,1033,1
10269,WHITC,5,2020-01-31,2020-02-14,2020-02-09,1,4.56,White Clover Markets,1149,3
10270,WARTH,1,2020-02-01,2020-02-28,2020-02-02,1,136.54,Wartian Herkku,1087,1
10271,SPLIR,6,2020-02-01,2020-02-28,2020-02-28,2,4.54,Split Rail Beer & Ale,1075,1
10272,RATTC,6,2020-02-02,2020-02-28,2020-02-06,2,98.03,Rattlesnake Canyon Grocery,1065,1
10273,QUICK,3,2020-02-05,2020-03-02,2020-02-12,3,76.07,QUICK-Stop,1063,3
10274,VINET,6,2020-02-06,2020-03-03,2020-02-16,1,6.01,Vins et alcools Chevalier,1151,1
10275,MAGAA,1,2020-02-07,2020-03-04,2020-02-09,1,26.93,Magazzini Alimentari Riuniti,1049,3
10276,TORTU,8,2020-02-08,2020-02-22,2020-02-14,3,13.84,Tortuga Restaurante,1080,1
10277,MORGK,2,2020-02-09,2020-03-06,2020-02-13,3,125.77,Morgenstern Gesundkost,1052,2
10278,BERGS,8,2020-02-12,2020-03-09,2020-02-16,2,92.69,Berglunds snabbköp,1005,3
10279,LEHMS,8,2020-02-13,2020-03-10,2020-02-16,2,25.83,Lehmanns Marktstand,1044,2
10280,BERGS,2,2020-02-14,2020-03-11,2020-03-12,1,8.98,Berglunds snabbköp,1005,1
10281,ROMEY,4,2020-02-14,2020-02-28,2020-02-21,1,2.94,Romero y tomillo,1069,1
10282,ROMEY,4,2020-02-15,2020-03-12,2020-02-21,1,12.69,Romero y tomillo,1069,1
10283,LILAS,3,2020-02-16,2020-03-13,2020-02-23,3,84.81,LILA-Supermercado,1046,3
10284,LEHMS,4,2020-02-19,2020-03-16,2020-02-27,1,76.56,Lehmanns Marktstand,1044,2
10285,QUICK,1,2020-02-20,2020-03-17,2020-02-26,2,76.83,QUICK-Stop,1063,1
10286,QUICK,8,2020-02-21,2020-03-18,2020-02-28,3,229.24,QUICK-Stop,1063,3
10287,RICAR,8,2020-02-22,2020-03-19,2020-02-28,3,12.76,Ricardo Adocicados,1067,2
10288,REGGC,4,2020-02-23,2020-03-20,2020-03-03,1,7.45,Reggiani Caseifici,1066,1
10289,BSBEV,7,2020-02-26,2020-03-23,2020-02-28,3,22.77,B''s Beverages,1011,1
10290,COMMI,8,2020-02-27,2020-03-24,2020-03-03,1,79.7,Comércio Mineiro,1015,1
10291,QUEDE,6,2020-02-27,2020-03-24,2020-03-04,2,6.4,Que Delícia,1061,1
10292,TRADH,1,2020-02-28,2020-03-25,2020-03-02,2,1.35,Tradiçao Hipermercados,1081,3
10293,TORTU,1,2020-02-28,2020-03-26,2020-03-11,3,21.18,Tortuga Restaurante,1080,4
10294,RATTC,4,2020-02-28,2020-03-27,2020-03-05,2,147.26,Rattlesnake Canyon Grocery,1065,1
10295,VINET,2,2020-03-02,2020-03-30,2020-03-10,2,1.15,Vins et alcools Chevalier,1151,1
10296,LILAS,6,2020-03-03,2020-04-01,2020-03-11,1,0.12,LILA-Supermercado,1046,1
10297,BLONP,5,2020-03-04,2020-04-16,2020-03-10,2,5.74,Blondel père et fils,1007,1
10298,HUNGO,6,2020-03-05,2020-04-03,2020-03-11,2,168.22,Hungry Owl All-Night Grocers,1037,1
10299,RICAR,4,2020-03-06,2020-04-04,2020-03-13,2,29.76,Ricardo Adocicados,1067,1
10300,MAGAA,2,2020-03-09,2020-04-07,2020-03-18,2,17.68,Magazzini Alimentari Riuniti,1049,3
10301,WANDK,8,2020-03-09,2020-04-07,2020-03-17,2,45.08,Die Wandernde Kuh,1086,1
10302,SUPRD,4,2020-03-10,2020-04-08,2020-04-09,2,6.27,Suprêmes délices,1076,1
10303,GODOS,7,2020-03-11,2020-04-09,2020-03-18,2,107.83,Godos Cocina Típica,1153,1
10304,TORTU,1,2020-03-12,2020-04-10,2020-03-17,2,63.79,Tortuga Restaurante,1080,2
10305,OLDWO,8,2020-03-13,2020-04-11,2020-04-09,3,257.62,Old World Delicatessen,1055,1
10306,ROMEY,1,2020-03-16,2020-04-14,2020-03-23,3,7.56,Romero y tomillo,1069,4
10307,LONEP,2,2020-03-17,2020-04-15,2020-03-25,2,0.56,Lonesome Pine Restaurant,1048,1
10308,ANATR,7,2020-03-18,2020-04-16,2020-03-24,3,1.61,Ana Trujillo Emparedados y helados,1002,2
10309,HUNGO,3,2020-03-19,2020-04-17,2020-04-23,1,47.3,Hungry Owl All-Night Grocers,1037,1
10310,THEBI,8,2020-03-20,2020-04-18,2020-03-27,2,17.52,The Big Cheese,1077,1
10311,DUMON,1,2020-03-20,2020-04-04,2020-03-26,3,24.69,Du monde entier,1018,1
10312,WANDK,2,2020-03-23,2020-04-21,2020-04-03,2,40.26,Die Wandernde Kuh,1086,1
10313,QUICK,2,2020-03-24,2020-04-22,2020-04-04,2,1.96,QUICK-Stop,1063,1
10314,RATTC,1,2020-03-25,2020-04-23,2020-04-04,2,74.16,Rattlesnake Canyon Grocery,1065,1
10315,ISLAT,4,2020-03-26,2020-04-24,2020-04-03,2,41.76,Island Trading,1038,1
10316,RATTC,1,2020-03-27,2020-04-25,2020-04-08,3,150.15,Rattlesnake Canyon Grocery,1065,1
10317,LONEP,6,2020-03-30,2020-04-28,2020-04-10,1,12.69,Lonesome Pine Restaurant,1048,2
10318,ISLAT,8,2020-04-01,2020-04-29,2020-04-04,2,4.73,Island Trading,1038,1
10319,TORTU,7,2020-04-02,2020-04-30,2020-04-11,3,64.5,Tortuga Restaurante,1080,1
10320,WARTH,5,2020-04-03,2020-04-17,2020-04-18,3,34.57,Wartian Herkku,1087,3
10321,ISLAT,3,2020-04-03,2020-04-30,2020-04-11,2,3.43,Island Trading,1038,3
10322,PERIC,7,2020-04-04,2020-05-01,2020-04-23,3,0.4,Pericles Comidas clásicas,1058,2
10323,KOENE,4,2020-04-07,2020-05-04,2020-04-14,1,4.88,Königlich Essen,1039,1
10324,SAVEA,9,2020-04-08,2020-05-05,2020-04-10,1,214.27,Save-a-lot Markets,1071,3
10325,KOENE,1,2020-04-09,2020-04-23,2020-04-14,3,64.86,Königlich Essen,1039,1
10326,BOLID,4,2020-04-10,2020-05-07,2020-04-14,2,77.92,Bólido Comidas preparadas,1008,1
10327,FOLKO,2,2020-04-11,2020-05-08,2020-04-14,1,63.36,Folk och fä HB,1024,1
10328,FURIB,4,2020-04-14,2020-05-11,2020-04-17,3,87.03,Furia Bacalhau e Frutos do Mar,1028,2
10329,SPLIR,4,2020-04-15,2020-05-26,2020-04-23,2,191.67,Split Rail Beer & Ale,1075,3
10330,LILAS,3,2020-04-16,2020-05-13,2020-04-28,1,12.75,LILA-Supermercado,1046,1
10331,BONAP,9,2020-04-16,2020-05-27,2020-04-21,1,10.19,Bon app'',1009,2
10332,MEREP,3,2020-04-17,2020-05-28,2020-04-21,2,52.84,Mère Paillarde,1051,3
10333,WARTH,5,2020-04-18,2020-05-15,2020-04-25,3,0.59,Wartian Herkku,1087,1
10334,VICTE,8,2020-04-21,2020-05-18,2020-04-28,2,8.56,Victuailles en stock,1084,2
10335,HUNGO,7,2020-04-22,2020-05-19,2020-04-24,2,42.11,Hungry Owl All-Night Grocers,1037,1
10336,PRINI,7,2020-04-23,2020-05-20,2020-04-25,2,15.51,Princesa Isabel Vinhos,1060,4
10337,FRANK,4,2020-04-24,2020-05-21,2020-04-29,3,108.26,Frankenversand,1025,1
10338,OLDWO,4,2020-04-25,2020-05-22,2020-04-29,3,84.21,Old World Delicatessen,1055,3
10339,MEREP,2,2020-04-28,2020-05-25,2020-05-04,2,15.66,Mère Paillarde,1051,1
10340,BONAP,1,2020-04-29,2020-05-26,2020-05-08,3,166.31,Bon app'',1009,1
10341,SIMOB,7,2020-04-29,2020-05-26,2020-05-05,3,26.78,Simons bistro,1073,3
10342,FRANK,4,2020-04-30,2020-05-13,2020-05-04,2,54.83,Frankenversand,1025,2
10343,LEHMS,4,2020-04-30,2020-05-28,2020-05-06,1,110.37,Lehmanns Marktstand,1044,3
10344,WHITC,4,2020-05-01,2020-05-29,2020-05-05,2,23.29,White Clover Markets,1149,1
10345,QUICK,2,2020-05-04,2020-06-02,2020-05-11,2,249.06,QUICK-Stop,1063,3
10346,RATTC,3,2020-05-05,2020-06-17,2020-05-08,3,142.08,Rattlesnake Canyon Grocery,1065,3
10347,FAMIA,4,2020-05-06,2020-06-04,2020-05-08,3,3.1,Familia Arquibaldo,1021,4
10348,WANDK,4,2020-05-07,2020-06-05,2020-05-15,2,0.78,Die Wandernde Kuh,1086,1
10349,SPLIR,7,2020-05-08,2020-06-06,2020-05-15,1,8.63,Split Rail Beer & Ale,1075,4
10350,LAMAI,6,2020-05-11,2020-06-09,2020-06-03,2,64.19,La maison d''Asie,1041,2
10351,ERNSH,1,2020-05-11,2020-06-09,2020-05-20,1,162.33,Ernst Handel,1020,1
10352,FURIB,3,2020-05-12,2020-05-26,2020-05-18,3,1.3,Furia Bacalhau e Frutos do Mar,1028,3
10353,PICCO,7,2020-05-13,2020-06-11,2020-05-25,3,360.63,Piccolo und mehr,1059,4
10354,PERIC,8,2020-05-14,2020-06-12,2020-05-20,3,53.8,Pericles Comidas clásicas,1058,3
10355,AROUT,6,2020-05-15,2020-06-13,2020-05-20,1,41.95,Around the Horn,1152,1
10356,WANDK,6,2020-05-18,2020-06-16,2020-05-27,2,36.71,Die Wandernde Kuh,1086,1
10357,LILAS,1,2020-05-19,2020-06-17,2020-06-02,3,34.88,LILA-Supermercado,1046,1
10358,LAMAI,5,2020-05-20,2020-06-18,2020-05-27,1,19.64,La maison d''Asie,1041,2
10359,SEVES,5,2020-05-21,2020-06-19,2020-05-26,3,288.43,Seven Seas Imports,1072,3
10360,BLONP,4,2020-05-22,2020-06-20,2020-06-02,3,131.7,Blondel père et fils,1007,1
10361,QUICK,1,2020-05-22,2020-06-20,2020-06-03,2,183.17,QUICK-Stop,1063,2
10362,BONAP,3,2020-05-25,2020-06-23,2020-05-28,1,96.04,Bon app'',1009,3
10363,DRACD,4,2020-05-26,2020-06-24,2020-06-04,3,30.54,Drachenblut Delikatessen,1017,2
10364,EASTC,1,2020-05-26,2020-07-07,2020-06-04,1,71.97,Eastern Connection,1019,2
10365,ANTON,3,2020-05-27,2020-06-25,2020-06-02,2,22.0,Antonio Moreno Taquería,1003,2
10366,GALED,8,2020-05-28,2020-07-09,2020-06-30,2,10.14,Galería del gastronómo,1029,2
10367,VAFFE,7,2020-05-28,2020-06-26,2020-06-02,3,13.55,Vaffeljernet,1083,4
10368,ERNSH,2,2020-05-29,2020-06-27,2020-06-02,2,101.95,Ernst Handel,1020,3
10369,SPLIR,8,2020-06-02,2020-06-30,2020-06-09,2,195.68,Split Rail Beer & Ale,1075,1
10370,CHOPS,6,2020-06-03,2020-06-30,2020-06-27,2,1.17,Chop-suey Chinese,1154,1
10371,LAMAI,1,2020-06-03,2020-06-30,2020-06-24,1,0.45,La maison d''Asie,1041,2
10372,QUEEN,5,2020-06-04,2020-07-01,2020-06-09,2,890.78,Queen Cozinha,1062,1
10373,HUNGO,4,2020-06-05,2020-07-02,2020-06-11,3,124.12,Hungry Owl All-Night Grocers,1037,4
10374,WOLZA,1,2020-06-05,2020-07-02,2020-06-09,3,3.94,Wolski Zajazd,1091,2
10375,HUNGC,3,2020-06-06,2020-07-03,2020-06-09,2,20.12,Hungry Coyote Import Store,1036,1
10376,MEREP,1,2020-06-09,2020-07-06,2020-06-13,2,20.39,Mère Paillarde,1051,4
10377,SEVES,1,2020-06-09,2020-07-06,2020-06-13,3,22.21,Seven Seas Imports,1072,1
10378,FOLKO,5,2020-06-10,2020-07-07,2020-06-19,3,5.44,Folk och fä HB,1024,1
10379,QUEDE,2,2020-06-11,2020-07-08,2020-06-13,1,45.03,Que Delícia,1061,1
10380,HUNGO,8,2020-06-12,2020-07-09,2020-07-16,3,35.03,Hungry Owl All-Night Grocers,1037,1
10381,LILAS,3,2020-06-12,2020-07-09,2020-06-13,3,7.99,LILA-Supermercado,1046,2
10382,ERNSH,4,2020-06-13,2020-07-10,2020-06-16,1,94.77,Ernst Handel,1020,2
10383,AROUT,8,2020-06-16,2020-07-13,2020-06-18,3,34.24,Around the Horn,1152,4
10384,BERGS,3,2020-06-16,2020-07-13,2020-06-20,3,168.64,Berglunds snabbköp,1005,3
10385,SPLIR,1,2020-06-17,2020-07-14,2020-06-23,2,30.96,Split Rail Beer & Ale,1075,1
10386,FAMIA,9,2020-06-18,2020-07-01,2020-06-25,3,13.99,Familia Arquibaldo,1021,1
10387,SANTG,1,2020-06-18,2020-07-15,2020-06-20,2,93.63,Santé Gourmet,1070,3
10388,SEVES,2,2020-06-19,2020-07-16,2020-06-20,1,34.86,Seven Seas Imports,1072,4
10389,BOTTM,4,2020-06-20,2020-07-17,2020-06-24,2,47.42,Bottom-Dollar Markets,1010,2
10390,ERNSH,6,2020-06-23,2020-07-20,2020-06-26,1,126.38,Ernst Handel,1020,4
10391,DRACD,3,2020-06-23,2020-07-20,2020-06-30,3,5.45,Drachenblut Delikatessen,1017,1
10392,PICCO,2,2020-06-24,2020-07-21,2020-07-01,3,122.46,Piccolo und mehr,1059,1
10393,SAVEA,1,2020-06-25,2020-07-22,2020-07-03,3,126.56,Save-a-lot Markets,1071,1
10394,HUNGC,1,2020-06-25,2020-07-22,2020-07-03,3,30.34,Hungry Coyote Import Store,1036,2
10395,HILAA,6,2020-06-26,2020-07-23,2020-07-03,1,184.41,HILARION-Abastos,1035,2
10396,FRANK,1,2020-06-27,2020-07-10,2020-07-06,3,135.35,Frankenversand,1025,2
10397,PRINI,5,2020-06-27,2020-07-24,2020-07-02,1,60.26,Princesa Isabel Vinhos,1060,1
10398,SAVEA,2,2020-06-30,2020-07-27,2020-07-09,3,89.16,Save-a-lot Markets,1071,4
10399,VAFFE,8,2020-06-30,2020-07-14,2020-07-08,3,27.36,Vaffeljernet,1083,2
10400,EASTC,1,2020-07-01,2020-07-29,2020-07-16,3,83.93,Eastern Connection,1019,3
10401,RATTC,1,2020-07-01,2020-07-29,2020-07-10,1,12.51,Rattlesnake Canyon Grocery,1065,1
10402,ERNSH,8,2020-07-02,2020-08-13,2020-07-10,2,67.88,Ernst Handel,1020,1
10403,ERNSH,4,2020-07-03,2020-07-31,2020-07-09,3,73.79,Ernst Handel,1020,3
10404,MAGAA,2,2020-07-03,2020-07-31,2020-07-08,1,155.97,Magazzini Alimentari Riuniti,1049,4
10405,LINOD,1,2020-07-06,2020-08-03,2020-07-22,1,34.82,LINO-Delicateses,1047,2
10406,QUEEN,7,2020-07-07,2020-08-18,2020-07-13,1,108.04,Queen Cozinha,1062,1
10407,OTTIK,2,2020-07-07,2020-08-04,2020-07-30,2,91.48,Ottilies Käseladen,1056,1
10408,FOLIG,8,2020-07-08,2020-08-05,2020-07-14,1,11.26,Folies gourmandes,1023,3
10409,OCEAN,3,2020-07-09,2020-08-06,2020-07-14,1,29.83,Océano Atlántico Ltda.,1054,2
10410,BOTTM,3,2020-07-10,2020-08-07,2020-07-15,3,2.4,Bottom-Dollar Markets,1010,1
10411,BOTTM,9,2020-07-10,2020-08-07,2020-07-21,3,23.65,Bottom-Dollar Markets,1010,2
10412,WARTH,8,2020-07-13,2020-08-10,2020-07-15,2,3.77,Wartian Herkku,1087,1
10413,LAMAI,3,2020-07-14,2020-08-11,2020-07-16,2,95.66,La maison d''Asie,1041,1
10414,FAMIA,2,2020-07-14,2020-08-11,2020-07-17,3,21.48,Familia Arquibaldo,1021,3
10415,HUNGC,3,2020-07-15,2020-08-12,2020-07-24,1,0.2,Hungry Coyote Import Store,1036,1
10416,WARTH,8,2020-07-16,2020-08-13,2020-07-27,3,22.72,Wartian Herkku,1087,4
10417,SIMOB,4,2020-07-16,2020-08-13,2020-07-28,3,70.29,Simons bistro,1073,1
10418,QUICK,4,2020-07-17,2020-08-14,2020-07-24,1,17.55,QUICK-Stop,1063,2
10419,RICSU,4,2020-07-20,2020-08-17,2020-07-30,2,137.35,Richter Supermarkt,1155,1
10420,WELLI,3,2020-07-21,2020-08-18,2020-07-27,1,44.12,Wellington Importadora,1088,3
10421,QUEDE,8,2020-07-21,2020-09-04,2020-07-27,1,99.23,Que Delícia,1061,1
10422,FRANS,2,2020-07-22,2020-08-19,2020-07-31,1,3.02,Franchi S.p.A.,1027,4
10423,GOURL,6,2020-07-23,2020-08-06,2020-08-24,3,24.5,Gourmet Lanchonetes,1031,2
10424,MEREP,7,2020-07-23,2020-08-20,2020-07-27,2,370.61,Mère Paillarde,1051,2
10425,LAMAI,6,2020-07-24,2020-08-21,2020-08-14,2,7.93,La maison d''Asie,1041,1
10426,GALED,4,2020-07-27,2020-08-24,2020-08-06,1,18.69,Galería del gastronómo,1029,3
10427,PICCO,4,2020-07-27,2020-08-24,2020-09-03,2,31.29,Piccolo und mehr,1059,4
10428,REGGC,7,2020-07-28,2020-08-25,2020-08-04,1,11.09,Reggiani Caseifici,1066,1
10429,HUNGO,3,2020-07-29,2020-09-12,2020-08-07,2,56.63,Hungry Owl All-Night Grocers,1037,1
10430,ERNSH,4,2020-07-30,2020-08-13,2020-08-03,1,458.78,Ernst Handel,1020,2
10431,BOTTM,4,2020-07-30,2020-08-13,2020-08-07,2,44.17,Bottom-Dollar Markets,1010,2
10432,SPLIR,3,2020-07-31,2020-08-14,2020-08-07,2,4.34,Split Rail Beer & Ale,1075,3
10433,PRINI,3,2020-08-03,2020-09-03,2020-09-04,3,73.83,Princesa Isabel Vinhos,1060,2
10434,FOLKO,3,2020-08-03,2020-09-03,2020-08-13,2,17.92,Folk och fä HB,1024,1
10435,CONSH,8,2020-08-04,2020-09-18,2020-08-07,2,9.21,Consolidated Holdings,1016,3
10436,BLONP,3,2020-08-05,2020-09-05,2020-08-11,2,156.66,Blondel père et fils,1007,1
10437,WARTH,8,2020-08-05,2020-09-05,2020-08-12,1,19.97,Wartian Herkku,1087,3
10438,TOMSP,3,2020-08-06,2020-09-06,2020-08-14,2,8.24,Toms Spezialitäten,1079,1
10439,MEREP,6,2020-08-07,2020-09-07,2020-08-10,3,4.07,Mère Paillarde,1051,4
10440,SAVEA,4,2020-08-10,2020-09-10,2020-08-28,2,86.53,Save-a-lot Markets,1071,4
10441,OLDWO,3,2020-08-10,2020-09-24,2020-09-14,2,73.02,Old World Delicatessen,1055,1
10442,ERNSH,3,2020-08-11,2020-09-11,2020-08-18,2,47.94,Ernst Handel,1020,1
10443,REGGC,8,2020-08-12,2020-09-12,2020-08-14,1,13.95,Reggiani Caseifici,1066,3
10444,BERGS,3,2020-08-12,2020-09-12,2020-08-21,3,3.5,Berglunds snabbköp,1005,4
10445,BERGS,3,2020-08-13,2020-09-13,2020-08-20,1,9.3,Berglunds snabbköp,1005,3
10446,TOMSP,6,2020-08-14,2020-09-14,2020-08-19,1,14.68,Toms Spezialitäten,1079,3
10447,RICAR,4,2020-08-14,2020-09-14,2020-09-07,2,68.66,Ricardo Adocicados,1067,1
10448,RANCH,4,2020-08-17,2020-09-17,2020-08-24,2,38.82,Rancho grande,1064,1
10449,BLONP,3,2020-08-18,2020-09-18,2020-08-27,2,53.3,Blondel père et fils,1007,1
10450,VICTE,8,2020-08-19,2020-09-19,2020-09-11,2,7.23,Victuailles en stock,1084,4
10451,QUICK,4,2020-08-19,2020-09-05,2020-09-12,3,189.09,QUICK-Stop,1063,2
10452,SAVEA,8,2020-08-20,2020-09-20,2020-08-26,1,140.26,Save-a-lot Markets,1071,3
10453,AROUT,1,2020-08-21,2020-09-21,2020-08-26,2,25.36,Around the Horn,1152,3
10454,LAMAI,4,2020-08-21,2020-09-21,2020-08-25,3,2.74,La maison d''Asie,1041,1
10455,WARTH,8,2020-08-24,2020-10-07,2020-09-03,2,180.45,Wartian Herkku,1087,1
10456,KOENE,8,2020-08-25,2020-10-08,2020-08-28,2,8.12,Königlich Essen,1039,3
10457,KOENE,2,2020-08-25,2020-09-25,2020-09-03,1,11.57,Königlich Essen,1039,3
10458,SUPRD,7,2020-08-26,2020-09-26,2020-09-04,3,147.06,Suprêmes délices,1076,3
10459,VICTE,4,2020-08-27,2020-09-27,2020-08-28,2,25.09,Victuailles en stock,1084,4
10460,FOLKO,8,2020-08-28,2020-09-28,2020-09-03,1,16.27,Folk och fä HB,1024,2
10461,LILAS,1,2020-08-28,2020-09-28,2020-09-05,3,148.61,LILA-Supermercado,1046,4
10462,CONSH,2,2020-09-03,2020-09-30,2020-09-18,1,6.17,Consolidated Holdings,1016,1
10463,SUPRD,5,2020-09-04,2020-10-01,2020-09-06,3,14.78,Suprêmes délices,1076,4
10464,FURIB,4,2020-09-04,2020-10-01,2020-09-14,2,89.0,Furia Bacalhau e Frutos do Mar,1028,4
10465,VAFFE,1,2020-09-05,2020-10-02,2020-09-14,3,145.04,Vaffeljernet,1083,3
10466,COMMI,4,2020-09-06,2020-10-03,2020-09-13,1,11.93,Comércio Mineiro,1015,3
10467,MAGAA,8,2020-09-06,2020-10-03,2020-09-11,2,4.93,Magazzini Alimentari Riuniti,1049,3
10468,KOENE,3,2020-09-07,2020-10-04,2020-09-12,3,44.12,Königlich Essen,1039,3
10469,WHITC,1,2020-09-10,2020-10-07,2020-09-14,1,60.18,White Clover Markets,1149,1
10470,BONAP,4,2020-09-11,2020-10-08,2020-09-14,2,64.56,Bon app'',1009,1
10471,BSBEV,2,2020-09-11,2020-10-08,2020-09-18,3,45.59,B''s Beverages,1011,4
10472,SEVES,8,2020-09-12,2020-10-09,2020-09-19,1,4.2,Seven Seas Imports,1072,1
10473,ISLAT,1,2020-09-13,2020-09-27,2020-09-21,3,16.37,Island Trading,1038,1
10474,PERIC,5,2020-09-13,2020-10-10,2020-09-21,2,83.49,Pericles Comidas clásicas,1058,2
10475,SUPRD,9,2020-09-14,2020-10-11,2020-10-04,1,68.52,Suprêmes délices,1076,3
10476,HILAA,8,2020-09-17,2020-10-14,2020-09-24,3,4.41,HILARION-Abastos,1035,1
10477,PRINI,5,2020-09-17,2020-10-14,2020-09-25,2,13.02,Princesa Isabel Vinhos,1060,1
10478,VICTE,2,2020-09-18,2020-10-01,2020-09-26,3,4.81,Victuailles en stock,1084,1
10479,RATTC,3,2020-09-19,2020-10-16,2020-09-21,3,708.95,Rattlesnake Canyon Grocery,1065,3
10480,FOLIG,6,2020-09-20,2020-10-17,2020-09-24,2,1.35,Folies gourmandes,1023,2
10481,RICAR,8,2020-09-20,2020-10-17,2020-09-25,2,64.33,Ricardo Adocicados,1067,3
10482,LAZYK,1,2020-09-21,2020-10-18,2020-10-10,3,7.48,Lazy K Kountry Store,1043,2
10483,WHITC,7,2020-09-24,2020-10-21,2020-10-25,2,15.28,White Clover Markets,1149,1
10484,BSBEV,3,2020-09-24,2020-10-21,2020-10-01,3,6.88,B''s Beverages,1011,1
10485,LINOD,4,2020-09-25,2020-10-08,2020-09-30,2,64.45,LINO-Delicateses,1047,4
10486,HILAA,1,2020-09-26,2020-10-23,2020-10-02,2,30.53,HILARION-Abastos,1035,4
10487,QUEEN,2,2020-09-26,2020-10-23,2020-09-28,2,71.07,Queen Cozinha,1062,2
10488,FRANK,8,2020-09-27,2020-10-24,2020-10-02,2,4.93,Frankenversand,1025,2
10489,PICCO,6,2020-09-28,2020-10-25,2020-10-09,2,5.29,Piccolo und mehr,1059,3
10490,HILAA,7,2020-09-30,2020-10-28,2020-10-03,2,210.19,HILARION-Abastos,1035,1
10491,FURIB,8,2020-09-30,2020-10-28,2020-10-08,3,16.96,Furia Bacalhau e Frutos do Mar,1028,3
10492,BOTTM,3,2020-10-01,2020-10-29,2020-10-11,1,62.89,Bottom-Dollar Markets,1010,1
10493,LAMAI,4,2020-10-02,2020-10-30,2020-10-10,3,10.64,La maison d''Asie,1041,3
10494,COMMI,4,2020-10-02,2020-10-30,2020-10-09,2,65.99,Comércio Mineiro,1015,4
10495,LAUGB,3,2020-10-03,2020-11-01,2020-10-11,3,4.65,Laughing Bacchus Wine Cellars,1150,3
10496,TRADH,7,2020-10-04,2020-11-02,2020-10-07,2,46.77,Tradiçao Hipermercados,1081,1
10497,LEHMS,7,2020-10-04,2020-11-02,2020-10-07,1,36.21,Lehmanns Marktstand,1044,3
10498,HILAA,8,2020-10-07,2020-11-05,2020-10-11,2,29.75,HILARION-Abastos,1035,3
10499,LILAS,4,2020-10-08,2020-11-06,2020-10-16,2,102.02,LILA-Supermercado,1046,2
10500,LAMAI,6,2020-10-09,2020-11-07,2020-10-17,1,42.68,La maison d''Asie,1041,1
10501,BLAUS,9,2020-10-09,2020-11-07,2020-10-16,3,8.85,Blauer See Delikatessen,1006,1
10502,PERIC,2,2020-10-10,2020-11-08,2020-10-29,1,69.32,Pericles Comidas clásicas,1058,1
10503,HUNGO,6,2020-10-11,2020-11-09,2020-10-16,2,16.74,Hungry Owl All-Night Grocers,1037,3
10504,WHITC,4,2020-10-11,2020-11-09,2020-10-18,3,59.13,White Clover Markets,1149,3
10505,MEREP,3,2020-10-14,2020-11-12,2020-10-21,3,7.13,Mère Paillarde,1051,1
10506,KOENE,9,2020-10-15,2020-11-13,2020-11-02,2,21.19,Königlich Essen,1039,1
10507,ANTON,7,2020-10-15,2020-11-13,2020-10-22,1,47.45,Antonio Moreno Taquería,1003,3
10508,OTTIK,1,2020-10-16,2020-11-14,2020-11-13,2,4.99,Ottilies Käseladen,1056,1
10509,BLAUS,4,2020-10-17,2020-11-15,2020-10-29,1,0.15,Blauer See Delikatessen,1006,3
10510,SAVEA,6,2020-10-18,2020-11-16,2020-10-28,3,367.63,Save-a-lot Markets,1071,1
10511,BONAP,4,2020-10-18,2020-11-16,2020-10-21,3,350.64,Bon app'',1009,4
10512,FAMIA,7,2020-10-21,2020-11-19,2020-10-24,2,3.53,Familia Arquibaldo,1021,2
10513,WANDK,7,2020-10-22,2020-12-03,2020-10-28,1,105.65,Die Wandernde Kuh,1086,1
10514,ERNSH,3,2020-10-22,2020-11-20,2020-11-16,2,789.95,Ernst Handel,1020,4
10515,QUICK,2,2020-10-23,2020-11-07,2020-11-23,1,204.47,QUICK-Stop,1063,3
10516,HUNGO,2,2020-10-24,2020-11-22,2020-11-01,3,62.78,Hungry Owl All-Night Grocers,1037,3
10517,NORTS,3,2020-10-24,2020-11-22,2020-10-29,3,32.07,North/South,1053,1
10518,TORTU,4,2020-10-25,2020-11-09,2020-11-05,2,218.15,Tortuga Restaurante,1080,1
10519,CHOPS,6,2020-10-28,2020-11-26,2020-11-01,3,91.76,Chop-suey Chinese,1154,4
10520,SANTG,7,2020-10-29,2020-11-27,2020-11-01,1,13.37,Santé Gourmet,1070,1
10521,CACTU,8,2020-10-29,2020-11-27,2020-11-02,2,17.22,Cactus Comidas para llevar,1012,3
10522,LEHMS,4,2020-10-30,2020-11-28,2020-11-06,1,45.33,Lehmanns Marktstand,1044,3
10523,SEVES,7,2020-11-01,2020-11-29,2020-11-30,2,77.63,Seven Seas Imports,1072,3
10524,BERGS,1,2020-11-01,2020-11-29,2020-11-07,2,244.79,Berglunds snabbköp,1005,3
10525,BONAP,1,2020-11-02,2020-11-30,2020-11-23,2,11.06,Bon app'',1009,2
10526,WARTH,4,2020-11-05,2020-12-02,2020-11-15,2,58.59,Wartian Herkku,1087,3
10527,QUICK,7,2020-11-05,2020-12-02,2020-11-07,1,41.9,QUICK-Stop,1063,2
10528,GREAL,6,2020-11-06,2020-11-20,2020-11-09,2,3.35,Great Lakes Food Market,1032,4
10529,MAISD,5,2020-11-07,2020-12-04,2020-11-09,2,66.69,Maison Dewey,1050,4
10530,PICCO,3,2020-11-08,2020-12-05,2020-11-12,2,339.22,Piccolo und mehr,1059,4
10531,OCEAN,7,2020-11-08,2020-12-05,2020-11-19,1,8.12,Océano Atlántico Ltda.,1054,4
10532,EASTC,7,2020-11-09,2020-12-06,2020-11-12,3,74.46,Eastern Connection,1019,1
10533,FOLKO,8,2020-11-12,2020-12-09,2020-11-22,1,188.04,Folk och fä HB,1024,1
10534,LEHMS,8,2020-11-12,2020-12-09,2020-11-14,2,27.94,Lehmanns Marktstand,1044,1
10535,ANTON,4,2020-11-13,2020-12-10,2020-11-21,1,15.64,Antonio Moreno Taquería,1003,3
10536,LEHMS,3,2020-11-14,2020-12-11,2020-12-06,2,58.88,Lehmanns Marktstand,1044,1
10537,RICSU,1,2020-11-14,2020-11-28,2020-11-19,1,78.85,Richter Supermarkt,1155,4
10538,BSBEV,9,2020-11-15,2020-12-12,2020-11-16,3,4.87,B''s Beverages,1011,3
10539,BSBEV,6,2020-11-16,2020-12-13,2020-11-23,3,12.36,B''s Beverages,1011,1
10540,QUICK,3,2020-11-19,2020-12-16,2020-12-13,3,1007.64,QUICK-Stop,1063,3
10541,HANAR,2,2020-11-19,2020-12-16,2020-11-29,1,68.65,Hanari Carnes,1034,1
10542,KOENE,1,2020-11-20,2020-12-17,2020-11-26,3,10.95,Königlich Essen,1039,3
10543,LILAS,8,2020-11-21,2020-12-18,2020-11-23,2,48.17,LILA-Supermercado,1046,1
10544,LONEP,4,2020-11-21,2020-12-18,2020-11-30,1,24.91,Lonesome Pine Restaurant,1048,3
10545,LAZYK,8,2020-11-22,2020-12-19,2020-12-26,2,11.92,Lazy K Kountry Store,1043,2
10546,VICTE,1,2020-11-23,2020-12-20,2020-11-27,3,194.72,Victuailles en stock,1084,1
10547,SEVES,3,2020-11-23,2020-12-20,2020-12-02,2,178.43,Seven Seas Imports,1072,2
10548,TOMSP,3,2020-11-26,2020-12-23,2020-12-02,2,1.43,Toms Spezialitäten,1079,2
10549,QUICK,5,2020-11-27,2020-12-10,2020-11-30,1,171.24,QUICK-Stop,1063,1
10550,GODOS,7,2020-11-28,2020-12-25,2020-12-06,3,4.32,Godos Cocina Típica,1153,2
10551,FURIB,4,2020-11-28,2021-01-09,2020-12-06,3,72.95,Furia Bacalhau e Frutos do Mar,1028,3
10552,HILAA,2,2020-11-29,2020-12-26,2020-12-05,1,83.22,HILARION-Abastos,1035,1
10553,WARTH,2,2020-11-30,2020-12-27,2020-12-03,2,149.49,Wartian Herkku,1087,3
10554,OTTIK,4,2020-11-30,2020-12-27,2020-12-05,3,120.97,Ottilies Käseladen,1056,4
10555,SAVEA,6,2020-12-02,2020-12-30,2020-12-04,3,252.49,Save-a-lot Markets,1071,2
10556,SIMOB,2,2020-12-03,2021-01-15,2020-12-13,1,9.8,Simons bistro,1073,2
10557,LEHMS,9,2020-12-03,2020-12-17,2020-12-06,2,96.72,Lehmanns Marktstand,1044,3
10558,AROUT,1,2020-12-04,2021-01-02,2020-12-10,2,72.97,Around the Horn,1152,3
10559,BLONP,6,2020-12-05,2021-01-03,2020-12-13,1,8.05,Blondel père et fils,1007,2
10560,FRANK,8,2020-12-06,2021-01-04,2020-12-09,1,36.65,Frankenversand,1025,3
10561,FOLKO,2,2020-12-06,2021-01-04,2020-12-09,2,242.21,Folk och fä HB,1024,1
10562,REGGC,1,2020-12-09,2021-01-07,2020-12-12,1,22.95,Reggiani Caseifici,1066,3
10563,RICAR,2,2020-12-10,2021-01-22,2020-12-24,2,60.43,Ricardo Adocicados,1067,3
10564,RATTC,4,2020-12-10,2021-01-08,2020-12-16,3,13.75,Rattlesnake Canyon Grocery,1065,3
10565,MEREP,8,2020-12-11,2021-01-09,2020-12-18,2,7.15,Mère Paillarde,1051,1
10566,BLONP,9,2020-12-12,2021-01-10,2020-12-18,1,88.4,Blondel père et fils,1007,1
10567,HUNGO,1,2020-12-12,2021-01-10,2020-12-17,1,33.97,Hungry Owl All-Night Grocers,1037,2
10568,GALED,3,2020-12-13,2021-01-11,2021-01-09,3,6.54,Galería del gastronómo,1029,2
10569,RATTC,5,2020-12-16,2021-01-14,2021-01-11,1,58.98,Rattlesnake Canyon Grocery,1065,1
10570,MEREP,3,2020-12-17,2021-01-15,2020-12-19,3,188.99,Mère Paillarde,1051,3
10571,ERNSH,8,2020-12-17,2021-01-29,2021-01-04,3,26.06,Ernst Handel,1020,4
10572,BERGS,3,2020-12-18,2021-01-16,2020-12-25,2,116.43,Berglunds snabbköp,1005,3
10573,ANTON,7,2020-12-19,2021-01-17,2020-12-20,3,84.84,Antonio Moreno Taquería,1003,2
10574,TRAIH,4,2020-12-19,2021-01-17,2020-12-30,2,37.6,Trail''s Head Gourmet Provisioners,1082,1
10575,MORGK,5,2020-12-20,2021-01-04,2020-12-30,1,127.34,Morgenstern Gesundkost,1052,1
10576,TORTU,3,2020-12-23,2021-01-07,2020-12-30,3,18.56,Tortuga Restaurante,1080,4
10577,TRAIH,9,2020-12-23,2021-02-04,2020-12-30,2,25.41,Trail''s Head Gourmet Provisioners,1082,3
10578,BSBEV,4,2020-12-24,2021-01-22,2021-01-25,3,29.6,B''s Beverages,1011,3
10579,LETSS,1,2020-12-25,2021-01-23,2021-01-04,2,13.73,Let''s Stop N Shop,1045,3
10580,OTTIK,4,2020-12-26,2021-01-24,2021-01-01,3,75.89,Ottilies Käseladen,1056,1
10581,FAMIA,3,2020-12-26,2021-01-24,2021-01-02,1,3.01,Familia Arquibaldo,1021,4
10582,BLAUS,3,2020-12-27,2021-01-25,2021-01-14,2,27.71,Blauer See Delikatessen,1006,2
10583,WARTH,2,2020-12-30,2021-01-28,2021-01-04,2,7.28,Wartian Herkku,1087,2
10584,BLONP,4,2020-12-30,2021-01-28,2021-01-04,1,59.14,Blondel père et fils,1007,3
10585,WELLI,7,2021-01-01,2021-01-29,2021-01-10,1,13.41,Wellington Importadora,1088,1
10586,REGGC,9,2021-01-02,2021-01-30,2021-01-09,1,0.48,Reggiani Caseifici,1066,3
10587,QUEDE,1,2021-01-02,2021-01-30,2021-01-09,1,62.52,Que Delícia,1061,1
10588,QUICK,2,2021-01-03,2021-01-31,2021-01-10,3,194.67,QUICK-Stop,1063,3
10589,GREAL,8,2021-01-04,2021-02-01,2021-01-14,2,4.42,Great Lakes Food Market,1032,1
10590,MEREP,4,2021-01-07,2021-02-04,2021-01-14,3,44.77,Mère Paillarde,1051,4
10591,VAFFE,1,2021-01-07,2021-01-21,2021-01-16,1,55.92,Vaffeljernet,1083,2
10592,LEHMS,3,2021-01-08,2021-02-05,2021-01-16,1,32.1,Lehmanns Marktstand,1044,2
10593,LEHMS,7,2021-01-09,2021-02-06,2021-02-13,2,174.2,Lehmanns Marktstand,1044,1
10594,OLDWO,3,2021-01-09,2021-02-06,2021-01-16,2,5.24,Old World Delicatessen,1055,3
10595,ERNSH,2,2021-01-10,2021-02-07,2021-01-14,1,96.78,Ernst Handel,1020,2
10596,WHITC,8,2021-01-11,2021-02-08,2021-02-12,1,16.34,White Clover Markets,1149,1
10597,PICCO,7,2021-01-11,2021-02-08,2021-01-18,3,35.12,Piccolo und mehr,1059,4
10598,RATTC,1,2021-01-14,2021-02-11,2021-01-18,3,44.42,Rattlesnake Canyon Grocery,1065,4
10599,BSBEV,6,2021-01-15,2021-02-26,2021-01-21,3,29.98,B''s Beverages,1011,3
10600,HUNGC,4,2021-01-16,2021-02-13,2021-01-21,1,45.13,Hungry Coyote Import Store,1036,1
10601,HILAA,7,2021-01-16,2021-02-27,2021-01-22,1,58.3,HILARION-Abastos,1035,1
10602,VAFFE,8,2021-01-17,2021-02-14,2021-01-22,2,2.92,Vaffeljernet,1083,2
10603,SAVEA,8,2021-01-18,2021-02-15,2021-02-08,2,48.77,Save-a-lot Markets,1071,3
10604,FURIB,1,2021-01-18,2021-02-15,2021-01-29,1,7.46,Furia Bacalhau e Frutos do Mar,1028,4
10605,MEREP,1,2021-01-21,2021-02-18,2021-01-29,2,379.13,Mère Paillarde,1051,2
10606,TRADH,4,2021-01-22,2021-02-19,2021-01-31,3,79.4,Tradiçao Hipermercados,1081,3
10607,SAVEA,5,2021-01-22,2021-02-19,2021-01-25,1,200.24,Save-a-lot Markets,1071,3
10608,TOMSP,4,2021-01-23,2021-02-20,2021-02-01,2,27.79,Toms Spezialitäten,1079,2
10609,DUMON,7,2021-01-24,2021-02-21,2021-01-30,2,1.85,Du monde entier,1018,3
10610,LAMAI,8,2021-01-25,2021-02-22,2021-02-06,1,26.78,La maison d''Asie,1041,4
10611,WOLZA,6,2021-01-25,2021-02-22,2021-02-01,2,80.65,Wolski Zajazd,1091,3
10612,SAVEA,1,2021-01-28,2021-02-25,2021-02-01,2,544.08,Save-a-lot Markets,1071,2
10613,HILAA,4,2021-01-29,2021-02-26,2021-02-01,2,8.11,HILARION-Abastos,1035,1
10614,BLAUS,8,2021-01-29,2021-02-26,2021-02-01,3,1.93,Blauer See Delikatessen,1006,3
10615,WILMK,2,2021-01-30,2021-02-27,2021-02-06,3,0.75,Wilman Kala,1090,1
10616,GREAL,1,2021-01-31,2021-02-28,2021-02-05,2,116.53,Great Lakes Food Market,1032,2
10617,GREAL,4,2021-01-31,2021-02-28,2021-02-04,2,18.53,Great Lakes Food Market,1032,1
10618,MEREP,1,2021-02-01,2021-03-12,2021-02-08,1,154.68,Mère Paillarde,1051,3
10619,MEREP,3,2021-02-04,2021-03-01,2021-02-07,3,91.05,Mère Paillarde,1051,1
10620,LAUGB,2,2021-02-05,2021-03-02,2021-02-14,3,0.94,Laughing Bacchus Wine Cellars,1150,1
10621,ISLAT,4,2021-02-05,2021-03-02,2021-02-11,2,23.73,Island Trading,1038,3
10622,RICAR,4,2021-02-06,2021-03-03,2021-02-11,3,50.97,Ricardo Adocicados,1067,1
10623,FRANK,8,2021-02-07,2021-03-04,2021-02-12,2,97.18,Frankenversand,1025,4
10624,THECR,4,2021-02-07,2021-03-04,2021-02-19,2,94.8,The Cracker Box,1078,1
10625,ANATR,3,2021-02-08,2021-03-05,2021-02-14,1,43.9,Ana Trujillo Emparedados y helados,1002,1
10626,BERGS,1,2021-02-11,2021-03-08,2021-02-20,2,138.69,Berglunds snabbköp,1005,4
10627,SAVEA,8,2021-02-11,2021-03-22,2021-02-21,3,107.46,Save-a-lot Markets,1071,2
10628,BLONP,4,2021-02-12,2021-03-09,2021-02-20,3,30.36,Blondel père et fils,1007,2
10629,GODOS,4,2021-02-12,2021-03-09,2021-02-20,3,85.46,Godos Cocina Típica,1153,1
10630,KOENE,1,2021-02-13,2021-03-10,2021-02-19,2,32.35,Königlich Essen,1039,4
10631,LAMAI,8,2021-02-14,2021-03-11,2021-02-15,1,0.87,La maison d''Asie,1041,3
10632,WANDK,8,2021-02-14,2021-03-11,2021-02-19,1,41.38,Die Wandernde Kuh,1086,3
10633,ERNSH,7,2021-02-15,2021-03-12,2021-02-18,3,477.9,Ernst Handel,1020,1
10634,FOLIG,4,2021-02-15,2021-03-12,2021-02-21,3,487.38,Folies gourmandes,1023,3
10635,MAGAA,8,2021-02-18,2021-03-15,2021-02-21,3,47.46,Magazzini Alimentari Riuniti,1049,2
10636,WARTH,4,2021-02-19,2021-03-16,2021-02-26,1,1.15,Wartian Herkku,1087,1
10637,QUEEN,6,2021-02-19,2021-03-16,2021-02-26,1,201.29,Queen Cozinha,1062,1
10638,LINOD,3,2021-02-20,2021-03-17,2021-03-01,1,158.44,LINO-Delicateses,1047,3
10639,SANTG,7,2021-02-20,2021-03-17,2021-02-27,3,38.64,Santé Gourmet,1070,4
10640,WANDK,4,2021-02-21,2021-03-18,2021-02-28,1,23.55,Die Wandernde Kuh,1086,1
10641,HILAA,4,2021-02-22,2021-03-19,2021-02-26,2,179.61,HILARION-Abastos,1035,2
10642,SIMOB,7,2021-02-22,2021-03-19,2021-03-05,3,41.89,Simons bistro,1073,2
10643,ALFKI,6,2021-02-25,2021-03-22,2021-03-02,1,29.46,Alfreds Futterkiste,1001,3
10644,WELLI,3,2021-02-25,2021-03-22,2021-03-01,2,0.14,Wellington Importadora,1088,1
10645,HANAR,4,2021-02-26,2021-03-23,2021-03-02,1,12.41,Hanari Carnes,1034,3
10646,HUNGO,9,2021-02-27,2021-04-08,2021-03-03,3,142.33,Hungry Owl All-Night Grocers,1037,2
10647,QUEDE,4,2021-02-27,2021-03-10,2021-03-03,2,45.54,Que Delícia,1061,2
10648,RICAR,5,2021-02-28,2021-04-09,2021-03-09,2,14.25,Ricardo Adocicados,1067,2
10649,MAISD,5,2021-02-28,2021-03-25,2021-02-28,3,6.2,Maison Dewey,1050,1
10650,FAMIA,5,2021-02-28,2021-03-26,2021-03-03,3,176.81,Familia Arquibaldo,1021,4
10651,WANDK,8,2021-03-01,2021-03-29,2021-03-11,2,20.6,Die Wandernde Kuh,1086,4
10652,GOURL,4,2021-03-01,2021-03-29,2021-03-08,2,7.14,Gourmet Lanchonetes,1031,3
10653,FRANK,1,2021-03-02,2021-03-30,2021-03-19,1,93.25,Frankenversand,1025,3
10654,BERGS,5,2021-03-02,2021-03-30,2021-03-11,1,55.26,Berglunds snabbköp,1005,3
10655,REGGC,1,2021-03-03,2021-04-01,2021-03-11,2,4.41,Reggiani Caseifici,1066,3
10656,GREAL,6,2021-03-04,2021-04-02,2021-03-10,1,57.15,Great Lakes Food Market,1032,3
10657,SAVEA,2,2021-03-04,2021-04-02,2021-03-15,2,352.69,Save-a-lot Markets,1071,1
10658,QUICK,4,2021-03-05,2021-04-03,2021-03-08,1,364.15,QUICK-Stop,1063,1
10659,QUEEN,7,2021-03-05,2021-04-03,2021-03-10,2,105.81,Queen Cozinha,1062,4
10660,HUNGC,8,2021-03-08,2021-04-06,2021-04-15,1,111.29,Hungry Coyote Import Store,1036,1
10661,HUNGO,7,2021-03-09,2021-04-07,2021-03-15,3,17.55,Hungry Owl All-Night Grocers,1037,2
10662,LONEP,3,2021-03-09,2021-04-07,2021-03-18,2,1.28,Lonesome Pine Restaurant,1048,3
10663,BONAP,2,2021-03-10,2021-03-24,2021-04-03,2,113.15,Bon app'',1009,1
10664,FURIB,1,2021-03-10,2021-04-08,2021-03-19,3,1.27,Furia Bacalhau e Frutos do Mar,1028,2
10665,LONEP,1,2021-03-11,2021-04-09,2021-03-17,2,26.31,Lonesome Pine Restaurant,1048,3
10666,RICSU,7,2021-03-12,2021-04-10,2021-03-22,2,232.42,Richter Supermarkt,1155,2
10667,ERNSH,7,2021-03-12,2021-04-10,2021-03-19,1,78.09,Ernst Handel,1020,2
10668,WANDK,1,2021-03-15,2021-04-13,2021-03-23,2,47.22,Die Wandernde Kuh,1086,1
10669,SIMOB,2,2021-03-15,2021-04-13,2021-03-22,1,24.39,Simons bistro,1073,1
10670,FRANK,4,2021-03-16,2021-04-14,2021-03-18,1,203.48,Frankenversand,1025,4
10671,FRANR,1,2021-03-17,2021-04-15,2021-03-24,1,30.34,France restauration,1026,2
10672,BERGS,9,2021-03-17,2021-04-01,2021-03-26,2,95.75,Berglunds snabbköp,1005,1
10673,WILMK,2,2021-03-18,2021-04-16,2021-03-19,1,22.76,Wilman Kala,1090,1
10674,ISLAT,4,2021-03-18,2021-04-16,2021-03-30,2,0.9,Island Trading,1038,1
10675,FRANK,5,2021-03-19,2021-04-17,2021-03-23,2,31.85,Frankenversand,1025,1
10676,TORTU,2,2021-03-22,2021-04-20,2021-03-29,2,2.01,Tortuga Restaurante,1080,1
10677,ANTON,1,2021-03-22,2021-04-20,2021-03-26,3,4.03,Antonio Moreno Taquería,1003,1
10678,SAVEA,7,2021-03-23,2021-04-21,2021-04-16,3,388.98,Save-a-lot Markets,1071,2
10679,BLONP,8,2021-03-23,2021-04-21,2021-03-30,3,27.94,Blondel père et fils,1007,3
10680,OLDWO,1,2021-03-24,2021-04-22,2021-03-26,1,26.61,Old World Delicatessen,1055,3
10681,GREAL,3,2021-03-25,2021-04-23,2021-03-30,3,76.13,Great Lakes Food Market,1032,1
10682,ANTON,3,2021-03-25,2021-04-23,2021-04-01,2,36.13,Antonio Moreno Taquería,1003,3
10683,DUMON,2,2021-03-26,2021-04-24,2021-04-01,1,4.4,Du monde entier,1018,2
10684,OTTIK,3,2021-03-26,2021-04-24,2021-03-30,1,145.63,Ottilies Käseladen,1056,2
10685,GOURL,4,2021-03-29,2021-04-13,2021-04-03,2,33.75,Gourmet Lanchonetes,1031,3
10686,PICCO,2,2021-03-30,2021-04-28,2021-04-08,1,96.5,Piccolo und mehr,1059,4
10687,HUNGO,9,2021-03-30,2021-04-28,2021-04-30,2,296.43,Hungry Owl All-Night Grocers,1037,1
10688,VAFFE,4,2021-04-01,2021-04-15,2021-04-07,2,299.09,Vaffeljernet,1083,1
10689,BERGS,1,2021-04-01,2021-04-29,2021-04-07,2,13.42,Berglunds snabbköp,1005,2
10690,HANAR,1,2021-04-02,2021-04-30,2021-04-03,1,15.8,Hanari Carnes,1034,2
10691,QUICK,2,2021-04-03,2021-05-14,2021-04-22,2,810.05,QUICK-Stop,1063,1
10692,ALFKI,4,2021-04-03,2021-04-30,2021-04-13,2,61.02,Alfred''s Futterkiste,1001,2
10693,WHITC,3,2021-04-06,2021-04-20,2021-04-10,3,139.34,White Clover Markets,1149,3
10694,QUICK,8,2021-04-06,2021-05-03,2021-04-09,3,398.36,QUICK-Stop,1063,1
10695,WILMK,7,2021-04-07,2021-05-18,2021-04-14,1,16.72,Wilman Kala,1090,4
10696,WHITC,8,2021-04-08,2021-05-19,2021-04-14,3,102.55,White Clover Markets,1149,1
10697,LINOD,3,2021-04-08,2021-05-05,2021-04-14,1,45.52,LINO-Delicateses,1047,3
10698,ERNSH,4,2021-04-09,2021-05-06,2021-04-17,1,272.47,Ernst Handel,1020,1
10699,MORGK,3,2021-04-09,2021-05-06,2021-04-13,3,0.58,Morgenstern Gesundkost,1052,1
10700,SAVEA,3,2021-04-10,2021-05-07,2021-04-16,1,65.1,Save-a-lot Markets,1071,1
10701,HUNGO,6,2021-04-13,2021-04-27,2021-04-15,3,220.31,Hungry Owl All-Night Grocers,1037,1
10702,ALFKI,4,2021-04-13,2021-05-24,2021-04-21,1,23.94,Alfred''s Futterkiste,1001,1
10703,FOLKO,6,2021-04-14,2021-05-11,2021-04-20,2,152.3,Folk och fä HB,1024,3
10704,QUEEN,6,2021-04-14,2021-05-11,2021-05-07,1,4.78,Queen Cozinha,1062,3
10705,HILAA,9,2021-04-15,2021-05-12,2021-05-18,2,3.52,HILARION-Abastos,1035,2
10706,OLDWO,8,2021-04-16,2021-05-13,2021-04-21,3,135.63,Old World Delicatessen,1055,4
10707,AROUT,4,2021-04-16,2021-04-30,2021-04-23,3,21.74,Around the Horn,1152,2
10708,THEBI,6,2021-04-17,2021-05-28,2021-05-05,2,2.96,The Big Cheese,1077,2
10709,GOURL,1,2021-04-17,2021-05-14,2021-05-20,3,210.8,Gourmet Lanchonetes,1031,3
10710,FRANS,1,2021-04-20,2021-05-17,2021-04-23,1,4.98,Franchi S.p.A.,1027,3
10711,SAVEA,5,2021-04-21,2021-06-02,2021-04-29,2,52.41,Save-a-lot Markets,1071,1
10712,HUNGO,3,2021-04-21,2021-05-18,2021-04-30,1,89.93,Hungry Owl All-Night Grocers,1037,3
10713,SAVEA,1,2021-04-22,2021-05-19,2021-04-24,1,167.05,Save-a-lot Markets,1071,1
10714,SAVEA,5,2021-04-22,2021-05-19,2021-04-27,3,24.49,Save-a-lot Markets,1071,2
10715,BONAP,3,2021-04-23,2021-05-06,2021-04-29,1,63.2,Bon app'',1009,4
10716,RANCH,4,2021-04-24,2021-05-21,2021-04-27,2,22.57,Rancho grande,1064,1
10717,FRANK,1,2021-04-24,2021-05-21,2021-04-29,2,59.25,Frankenversand,1025,1
10718,KOENE,1,2021-04-27,2021-05-24,2021-04-29,3,170.88,Königlich Essen,1039,1
10719,LETSS,8,2021-04-27,2021-05-24,2021-05-05,2,51.44,Let''s Stop N Shop,1045,4
10720,QUEDE,8,2021-04-28,2021-05-11,2021-05-05,2,9.53,Que Delícia,1061,1
10721,QUICK,5,2021-04-29,2021-05-26,2021-04-30,3,48.92,QUICK-Stop,1063,1
10722,SAVEA,8,2021-04-29,2021-06-10,2021-05-04,1,74.58,Save-a-lot Markets,1071,2
10723,WHITC,3,2021-04-30,2021-05-27,2021-05-25,1,21.72,White Clover Markets,1149,1
10724,MEREP,8,2021-04-30,2021-06-11,2021-05-05,2,57.75,Mère Paillarde,1051,1
10725,FAMIA,4,2021-04-30,2021-05-28,2021-05-05,3,10.83,Familia Arquibaldo,1021,1
10726,EASTC,4,2021-05-03,2021-05-17,2021-06-05,1,16.56,Eastern Connection,1019,1
10727,REGGC,2,2021-05-03,2021-06-01,2021-06-05,1,89.9,Reggiani Caseifici,1066,3
10728,QUEEN,4,2021-05-04,2021-06-02,2021-05-11,2,58.33,Queen Cozinha,1062,1
10729,LINOD,8,2021-05-04,2021-06-16,2021-05-14,3,141.06,LINO-Delicateses,1047,1
10730,BONAP,5,2021-05-05,2021-06-03,2021-05-14,1,20.12,Bon app'',1009,1
10731,CHOPS,7,2021-05-06,2021-06-04,2021-05-14,1,96.65,Chop-suey Chinese,1154,3
10732,BONAP,3,2021-05-06,2021-06-04,2021-05-07,1,16.97,Bon app'',1009,4
10733,BERGS,1,2021-05-07,2021-06-05,2021-05-10,3,110.11,Berglunds snabbköp,1005,1
10734,GOURL,2,2021-05-07,2021-06-05,2021-05-12,3,1.63,Gourmet Lanchonetes,1031,1
10735,LETSS,6,2021-05-10,2021-06-08,2021-05-21,2,45.97,Let''s Stop N Shop,1045,1
10736,HUNGO,9,2021-05-11,2021-06-09,2021-05-21,2,44.1,Hungry Owl All-Night Grocers,1037,4
10737,VINET,2,2021-05-11,2021-06-09,2021-05-18,2,7.79,Vins et alcools Chevalier,1151,2
10738,SPECD,2,2021-05-12,2021-06-10,2021-05-18,1,2.91,Spécialités du monde,1074,1
10739,VINET,3,2021-05-12,2021-06-10,2021-05-17,3,11.08,Vins et alcools Chevalier,1151,4
10740,WHITC,4,2021-05-13,2021-06-11,2021-05-25,2,81.88,White Clover Markets,1149,3
10741,AROUT,4,2021-05-14,2021-05-28,2021-05-18,3,10.96,Around the Horn,1152,1
10742,BOTTM,3,2021-05-14,2021-06-12,2021-05-18,3,243.73,Bottom-Dollar Markets,1010,1
10743,AROUT,1,2021-05-17,2021-06-15,2021-05-21,2,23.72,Around the Horn,1152,3
10744,VAFFE,6,2021-05-17,2021-06-15,2021-05-24,1,69.19,Vaffeljernet,1083,3
10745,QUICK,9,2021-05-18,2021-06-16,2021-05-27,1,3.52,QUICK-Stop,1063,2
10746,CHOPS,1,2021-05-19,2021-06-17,2021-05-21,3,31.43,Chop-suey Chinese,1154,4
10747,PICCO,6,2021-05-19,2021-06-17,2021-05-26,1,117.33,Piccolo und mehr,1059,2
10748,SAVEA,3,2021-05-20,2021-06-18,2021-05-28,1,232.55,Save-a-lot Markets,1071,1
10749,ISLAT,4,2021-05-20,2021-06-18,2021-06-19,2,61.53,Island Trading,1038,2
10750,WARTH,9,2021-05-21,2021-06-19,2021-05-24,1,79.3,Wartian Herkku,1087,3
10751,RICSU,3,2021-05-24,2021-06-22,2021-06-03,3,130.79,Richter Supermarkt,1155,2
10752,NORTS,2,2021-05-24,2021-06-22,2021-05-28,3,1.39,North/South,1053,2
10753,FRANS,3,2021-05-25,2021-06-23,2021-05-27,1,7.7,Franchi S.p.A.,1027,4
10754,MAGAA,6,2021-05-25,2021-06-23,2021-05-27,3,2.38,Magazzini Alimentari Riuniti,1049,3
10755,BONAP,4,2021-05-26,2021-06-24,2021-05-28,2,16.71,Bon app'',1009,4
10756,SPLIR,8,2021-05-27,2021-06-25,2021-06-02,2,73.21,Split Rail Beer & Ale,1075,3
10757,SAVEA,6,2021-05-27,2021-06-25,2021-06-15,1,8.19,Save-a-lot Markets,1071,3
10758,RICSU,3,2021-05-28,2021-06-26,2021-06-04,3,138.17,Richter Supermarkt,1155,4
10759,ANATR,3,2021-05-28,2021-06-26,2021-06-12,3,11.99,Ana Trujillo Emparedados y helados,1002,4
10760,MAISD,4,2021-06-01,2021-06-29,2021-06-10,1,155.64,Maison Dewey,1050,1
10761,RATTC,5,2021-06-02,2021-06-30,2021-06-08,2,18.66,Rattlesnake Canyon Grocery,1065,1
10762,FOLKO,3,2021-06-02,2021-06-30,2021-06-09,1,328.74,Folk och fä HB,1024,2
10763,FOLIG,3,2021-06-03,2021-06-30,2021-06-08,3,37.35,Folies gourmandes,1023,2
10764,ERNSH,6,2021-06-03,2021-06-30,2021-06-08,3,145.45,Ernst Handel,1020,2
10765,QUICK,3,2021-06-04,2021-07-01,2021-06-09,3,42.74,QUICK-Stop,1063,3
10766,OTTIK,4,2021-06-05,2021-07-02,2021-06-09,1,157.55,Ottilies Käseladen,1056,3
10767,SUPRD,4,2021-06-05,2021-07-02,2021-06-15,3,1.59,Suprêmes délices,1076,4
10768,AROUT,3,2021-06-08,2021-07-05,2021-06-15,2,146.32,Around the Horn,1152,3
10769,VAFFE,3,2021-06-08,2021-07-05,2021-06-12,1,65.06,Vaffeljernet,1083,1
10770,HANAR,8,2021-06-09,2021-07-06,2021-06-17,3,5.32,Hanari Carnes,1034,3
10771,ERNSH,9,2021-06-10,2021-07-07,2021-07-02,2,11.19,Ernst Handel,1020,3
10772,LEHMS,3,2021-06-10,2021-07-07,2021-06-19,2,91.28,Lehmanns Marktstand,1044,4
10773,ERNSH,1,2021-06-11,2021-07-08,2021-06-16,3,96.43,Ernst Handel,1020,3
10774,FOLKO,4,2021-06-11,2021-06-25,2021-06-12,1,48.2,Folk och fä HB,1024,1
10775,THECR,7,2021-06-12,2021-07-09,2021-06-26,1,20.25,The Cracker Box,1078,2
10776,ERNSH,1,2021-06-15,2021-07-12,2021-06-18,3,351.53,Ernst Handel,1020,2
10777,GOURL,7,2021-06-15,2021-06-29,2021-07-21,2,3.01,Gourmet Lanchonetes,1031,1
10778,BERGS,3,2021-06-16,2021-07-13,2021-06-24,1,6.79,Berglunds snabbköp,1005,4
10779,MORGK,3,2021-06-16,2021-07-13,2021-07-14,2,58.13,Morgenstern Gesundkost,1052,3
10780,LILAS,2,2021-06-16,2021-06-30,2021-06-25,1,42.13,LILA-Supermercado,1046,4
10781,WARTH,2,2021-06-17,2021-07-14,2021-06-19,3,73.16,Wartian Herkku,1087,1
10782,CACTU,9,2021-06-17,2021-07-14,2021-06-22,3,1.1,Cactus Comidas para llevar,1012,3
10783,HANAR,4,2021-06-18,2021-07-15,2021-06-19,2,124.98,Hanari Carnes,1034,1
10784,MAGAA,4,2021-06-18,2021-07-15,2021-06-22,3,70.09,Magazzini Alimentari Riuniti,1049,1
10785,GROSR,1,2021-06-18,2021-07-15,2021-06-24,3,1.51,GROSELLA-Restaurante,1033,2
10786,QUEEN,8,2021-06-19,2021-07-16,2021-06-23,1,110.87,Queen Cozinha,1062,3
10787,LAMAI,2,2021-06-19,2021-07-02,2021-06-26,1,249.93,La maison d''Asie,1041,2
10788,QUICK,1,2021-06-22,2021-07-19,2021-07-19,2,42.7,QUICK-Stop,1063,3
10789,FOLIG,1,2021-06-22,2021-07-19,2021-06-30,2,100.6,Folies gourmandes,1023,3
10790,GOURL,6,2021-06-22,2021-07-19,2021-06-26,1,28.23,Gourmet Lanchonetes,1031,3
10791,FRANK,6,2021-06-23,2021-07-20,2021-07-01,2,16.85,Frankenversand,1025,4
10792,WOLZA,1,2021-06-23,2021-07-20,2021-06-30,3,23.79,Wolski Zajazd,1091,1
10793,AROUT,3,2021-06-24,2021-07-21,2021-07-08,3,4.52,Around the Horn,1152,3
10794,QUEDE,6,2021-06-24,2021-07-21,2021-07-02,1,21.49,Que Delícia,1061,3
10795,ERNSH,8,2021-06-24,2021-07-21,2021-07-20,2,126.66,Ernst Handel,1020,1
10796,HILAA,3,2021-06-25,2021-07-22,2021-07-14,1,26.52,HILARION-Abastos,1035,4
10797,DRACD,7,2021-06-25,2021-07-22,2021-07-05,2,33.35,Drachenblut Delikatessen,1017,1
10798,ISLAT,2,2021-06-26,2021-07-23,2021-07-05,1,2.33,Island Trading,1038,1
10799,KOENE,9,2021-06-26,2021-08-06,2021-07-05,3,30.76,Königlich Essen,1039,2
10800,SEVES,1,2021-06-26,2021-07-23,2021-07-05,3,137.44,Seven Seas Imports,1072,1
10801,BOLID,4,2021-06-29,2021-07-26,2021-06-30,2,97.09,Bólido Comidas preparadas,1008,3
10802,SIMOB,4,2021-06-29,2021-07-26,2021-07-02,2,257.26,Simons bistro,1073,3
10803,WELLI,4,2021-06-30,2021-07-27,2021-07-06,1,55.23,Wellington Importadora,1088,1
10804,SEVES,6,2021-06-30,2021-07-27,2021-07-07,2,27.33,Seven Seas Imports,1072,3
10805,THEBI,2,2021-06-30,2021-07-27,2021-07-09,3,237.34,The Big Cheese,1077,2
10806,VICTE,3,2021-06-30,2021-07-28,2021-07-05,2,22.11,Victuailles en stock,1084,1
10807,FRANS,4,2021-06-30,2021-07-28,2021-07-30,1,1.36,Franchi S.p.A.,1027,4
10808,OLDWO,2,2021-07-01,2021-07-29,2021-07-09,3,45.53,Old World Delicatessen,1055,1
10809,WELLI,7,2021-07-01,2021-07-29,2021-07-07,1,4.87,Wellington Importadora,1088,1
10810,LAUGB,2,2021-07-01,2021-07-29,2021-07-07,3,4.33,Laughing Bacchus Wine Cellars,1150,4
10811,LINOD,8,2021-07-02,2021-07-30,2021-07-08,1,31.22,LINO-Delicateses,1047,3
10812,REGGC,5,2021-07-02,2021-07-30,2021-07-12,1,59.78,Reggiani Caseifici,1066,1
10813,RICAR,1,2021-07-05,2021-08-02,2021-07-09,1,47.38,Ricardo Adocicados,1067,2
10814,VICTE,3,2021-07-05,2021-08-02,2021-07-14,3,130.94,Victuailles en stock,1084,1
10815,SAVEA,2,2021-07-05,2021-08-02,2021-07-14,3,14.62,Save-a-lot Markets,1071,1
10816,GREAL,4,2021-07-06,2021-08-03,2021-08-04,2,719.78,Great Lakes Food Market,1032,3
10817,KOENE,3,2021-07-06,2021-07-20,2021-07-13,2,306.07,Königlich Essen,1039,3
10818,MAGAA,7,2021-07-07,2021-08-04,2021-07-12,3,65.48,Magazzini Alimentari Riuniti,1049,2
10819,CACTU,2,2021-07-07,2021-08-04,2021-07-16,3,19.76,Cactus Comidas para llevar,1012,3
10820,RATTC,3,2021-07-07,2021-08-04,2021-07-13,2,37.52,Rattlesnake Canyon Grocery,1065,1
10821,SPLIR,1,2021-07-08,2021-08-05,2021-07-15,1,36.68,Split Rail Beer & Ale,1075,1
10822,TRAIH,6,2021-07-08,2021-08-05,2021-07-16,3,7.0,Trail''s Head Gourmet Provisioners,1082,3
10823,LILAS,5,2021-07-09,2021-08-06,2021-07-13,2,163.97,LILA-Supermercado,1046,2
10824,FOLKO,8,2021-07-09,2021-08-06,2021-07-30,1,1.23,Folk och fä HB,1024,1
10825,DRACD,1,2021-07-09,2021-08-06,2021-07-14,1,79.25,Drachenblut Delikatessen,1017,1
10826,BLONP,6,2021-07-12,2021-08-09,2021-08-06,1,7.09,Blondel père et fils,1007,4
10827,BONAP,1,2021-07-12,2021-07-26,2021-08-06,2,63.54,Bon app'',1009,4
10828,RANCH,9,2021-07-13,2021-07-27,2021-08-04,1,90.85,Rancho grande,1064,1
10829,ISLAT,9,2021-07-13,2021-08-10,2021-07-23,1,154.72,Island Trading,1038,4
10830,TRADH,4,2021-07-13,2021-08-24,2021-07-21,2,81.83,Tradiçao Hipermercados,1081,1
10831,SANTG,3,2021-07-14,2021-08-11,2021-07-23,2,72.19,Santé Gourmet,1070,4
10832,LAMAI,2,2021-07-14,2021-08-11,2021-07-19,2,43.26,La maison d''Asie,1041,2
10833,OTTIK,6,2021-07-15,2021-08-12,2021-07-23,2,71.49,Ottilies Käseladen,1056,2
10834,TRADH,1,2021-07-15,2021-08-12,2021-07-19,3,29.78,Tradiçao Hipermercados,1081,2
10835,ALFKI,1,2021-07-15,2021-08-12,2021-07-21,3,69.53,Alfred''s Futterkiste,1001,1
10836,ERNSH,7,2021-07-16,2021-08-13,2021-07-21,1,411.88,Ernst Handel,1020,1
10837,BERGS,9,2021-07-16,2021-08-13,2021-07-23,3,13.32,Berglunds snabbköp,1005,3
10838,LINOD,3,2021-07-19,2021-08-16,2021-07-23,3,59.28,LINO-Delicateses,1047,2
10839,TRADH,3,2021-07-19,2021-08-16,2021-07-22,3,35.43,Tradiçao Hipermercados,1081,2
10840,LINOD,4,2021-07-19,2021-09-02,2021-08-16,2,2.71,LINO-Delicateses,1047,1
10841,SUPRD,5,2021-07-20,2021-08-17,2021-07-29,2,424.3,Suprêmes délices,1076,3
10842,TORTU,1,2021-07-20,2021-08-17,2021-07-29,3,54.42,Tortuga Restaurante,1080,1
10843,VICTE,4,2021-07-21,2021-08-18,2021-07-26,2,9.26,Victuailles en stock,1084,4
10844,PICCO,8,2021-07-21,2021-08-18,2021-07-26,2,25.22,Piccolo und mehr,1059,1
10845,QUICK,8,2021-07-21,2021-08-04,2021-07-30,1,212.98,QUICK-Stop,1063,2
10846,SUPRD,2,2021-07-22,2021-09-05,2021-07-23,3,56.46,Suprêmes délices,1076,2
10847,SAVEA,4,2021-07-22,2021-08-05,2021-08-10,3,487.57,Save-a-lot Markets,1071,2
10848,CONSH,7,2021-07-23,2021-08-20,2021-07-29,2,38.24,Consolidated Holdings,1016,1
10849,KOENE,9,2021-07-23,2021-08-20,2021-07-30,2,0.56,Königlich Essen,1039,2
10850,VICTE,1,2021-07-23,2021-09-06,2021-07-30,1,49.19,Victuailles en stock,1084,1
10851,RICAR,5,2021-07-26,2021-08-23,2021-08-02,1,160.55,Ricardo Adocicados,1067,1
10852,RATTC,8,2021-07-26,2021-08-09,2021-07-30,1,174.05,Rattlesnake Canyon Grocery,1065,1
10853,BLAUS,9,2021-07-27,2021-08-24,2021-08-03,2,53.83,Blauer See Delikatessen,1006,4
10854,ERNSH,3,2021-07-27,2021-08-24,2021-08-05,2,100.22,Ernst Handel,1020,2
10855,OLDWO,3,2021-07-27,2021-08-24,2021-08-04,1,170.97,Old World Delicatessen,1055,1
10856,ANTON,3,2021-07-28,2021-08-25,2021-08-10,2,58.43,Antonio Moreno Taquería,1003,1
10857,BERGS,8,2021-07-28,2021-08-25,2021-08-06,2,188.85,Berglunds snabbköp,1005,3
10858,LACOR,2,2021-07-29,2021-08-26,2021-08-03,1,52.51,La corne d''abondance,1040,1
10859,FRANK,1,2021-07-29,2021-08-26,2021-08-02,2,76.1,Frankenversand,1025,4
10860,FRANR,3,2021-07-29,2021-08-26,2021-08-04,3,19.26,France restauration,1026,1
10861,WHITC,4,2021-07-30,2021-08-27,2021-08-17,2,14.93,White Clover Markets,1149,1
10862,LEHMS,8,2021-07-30,2021-09-13,2021-08-02,2,53.23,Lehmanns Marktstand,1044,1
10863,HILAA,4,2021-08-02,2021-09-02,2021-08-17,2,30.26,HILARION-Abastos,1035,4
10864,AROUT,4,2021-08-02,2021-09-02,2021-08-09,2,3.04,Around the Horn,1152,1
10865,QUICK,2,2021-08-02,2021-08-16,2021-08-12,1,348.14,QUICK-Stop,1063,2
10866,BERGS,5,2021-08-03,2021-09-03,2021-08-12,1,109.11,Berglunds snabbköp,1005,2
10867,LONEP,6,2021-08-03,2021-09-17,2021-08-11,1,1.93,Lonesome Pine Restaurant,1048,1
10868,QUEEN,7,2021-08-04,2021-09-04,2021-08-23,2,191.27,Queen Cozinha,1062,2
10869,SEVES,5,2021-08-04,2021-09-04,2021-08-09,1,143.28,Seven Seas Imports,1072,1
10870,WOLZA,5,2021-08-04,2021-09-04,2021-08-13,3,12.04,Wolski Zajazd,1091,3
10871,BONAP,9,2021-08-05,2021-09-05,2021-08-10,2,112.27,Bon app'',1009,1
10872,GODOS,5,2021-08-05,2021-09-05,2021-08-09,2,175.32,Godos Cocina Típica,1153,1
10873,WILMK,4,2021-08-06,2021-09-06,2021-08-09,1,0.82,Wilman Kala,1090,2
10874,GODOS,5,2021-08-06,2021-09-06,2021-08-11,2,19.58,Godos Cocina Típica,1153,3
10875,BERGS,4,2021-08-06,2021-09-06,2021-09-03,2,32.37,Berglunds snabbköp,1005,2
10876,BONAP,7,2021-08-09,2021-09-09,2021-08-12,3,60.42,Bon app'',1009,1
10877,RICAR,1,2021-08-09,2021-09-09,2021-08-19,1,38.06,Ricardo Adocicados,1067,3
10878,QUICK,4,2021-08-10,2021-09-10,2021-08-12,1,46.69,QUICK-Stop,1063,3
10879,WILMK,3,2021-08-10,2021-09-10,2021-08-12,3,8.5,Wilman Kala,1090,4
10880,FOLKO,7,2021-08-10,2021-09-24,2021-08-18,1,88.01,Folk och fä HB,1024,1
10881,CACTU,4,2021-08-11,2021-09-11,2021-08-18,1,2.84,Cactus Comidas para llevar,1012,3
10882,SAVEA,4,2021-08-11,2021-09-11,2021-08-20,3,23.1,Save-a-lot Markets,1071,3
10883,LONEP,8,2021-08-12,2021-09-12,2021-08-20,3,0.53,Lonesome Pine Restaurant,1048,1
10884,LETSS,4,2021-08-12,2021-09-12,2021-08-13,2,90.97,Let''s Stop N Shop,1045,1
10885,SUPRD,6,2021-08-12,2021-09-12,2021-08-18,3,5.64,Suprêmes délices,1076,2
10886,HANAR,1,2021-08-13,2021-09-13,2021-09-02,1,4.99,Hanari Carnes,1034,3
10887,GALED,8,2021-08-13,2021-09-13,2021-08-16,3,1.25,Galería del gastronómo,1029,1
10888,GODOS,1,2021-08-16,2021-09-16,2021-08-23,2,51.87,Godos Cocina Típica,1153,3
10889,RATTC,9,2021-08-16,2021-09-16,2021-08-23,3,280.61,Rattlesnake Canyon Grocery,1065,4
10890,DUMON,7,2021-08-16,2021-09-16,2021-08-18,1,32.76,Du monde entier,1018,1
10891,LEHMS,7,2021-08-17,2021-09-17,2021-08-19,2,20.37,Lehmanns Marktstand,1044,4
10892,MAISD,4,2021-08-17,2021-09-17,2021-08-19,2,120.27,Maison Dewey,1050,1
10893,KOENE,9,2021-08-18,2021-09-18,2021-08-20,2,77.78,Königlich Essen,1039,2
10894,SAVEA,1,2021-08-18,2021-09-18,2021-08-20,1,116.13,Save-a-lot Markets,1071,2
10895,ERNSH,3,2021-08-18,2021-09-18,2021-08-23,1,162.75,Ernst Handel,1020,4
10896,MAISD,7,2021-08-19,2021-09-19,2021-08-27,3,32.45,Maison Dewey,1050,4
10897,HUNGO,3,2021-08-19,2021-09-19,2021-08-25,2,603.54,Hungry Owl All-Night Grocers,1037,3
10898,OCEAN,4,2021-08-20,2021-09-20,2021-09-06,2,1.27,Océano Atlántico Ltda.,1054,1
10899,LILAS,5,2021-08-20,2021-09-20,2021-08-26,3,1.21,LILA-Supermercado,1046,3
10900,WELLI,1,2021-08-20,2021-09-20,2021-09-04,2,1.66,Wellington Importadora,1088,1
10901,HILAA,4,2021-08-23,2021-09-23,2021-08-26,1,62.09,HILARION-Abastos,1035,4
10902,FOLKO,1,2021-08-23,2021-09-23,2021-09-03,1,44.15,Folk och fä HB,1024,4
10903,HANAR,3,2021-08-24,2021-09-24,2021-09-04,3,36.71,Hanari Carnes,1034,4
10904,WHITC,3,2021-08-24,2021-09-24,2021-08-27,3,162.95,White Clover Markets,1149,3
10905,WELLI,9,2021-08-24,2021-09-24,2021-09-06,2,13.72,Wellington Importadora,1088,2
10906,WOLZA,4,2021-08-25,2021-09-11,2021-09-03,3,26.29,Wolski Zajazd,1091,1
10907,SPECD,6,2021-08-25,2021-09-25,2021-08-27,3,9.19,Spécialités du monde,1074,1
10908,REGGC,4,2021-08-26,2021-09-26,2021-09-06,2,32.96,Reggiani Caseifici,1066,1
10909,SANTG,1,2021-08-26,2021-09-26,2021-09-10,2,53.05,Santé Gourmet,1070,2
10910,WILMK,1,2021-08-26,2021-09-26,2021-09-04,3,38.11,Wilman Kala,1090,2
10911,GODOS,3,2021-08-26,2021-09-26,2021-09-05,1,38.19,Godos Cocina Típica,1153,3
10912,HUNGO,2,2021-08-26,2021-09-26,2021-09-18,2,580.91,Hungry Owl All-Night Grocers,1037,1
10913,QUEEN,4,2021-08-26,2021-09-26,2021-09-04,1,33.05,Queen Cozinha,1062,2
10914,QUEEN,6,2021-08-27,2021-09-27,2021-09-02,1,21.19,Queen Cozinha,1062,2
10915,TORTU,2,2021-08-27,2021-09-27,2021-09-02,2,3.51,Tortuga Restaurante,1080,1
10916,RANCH,1,2021-08-27,2021-09-27,2021-09-09,2,63.77,Rancho grande,1064,1
10917,ROMEY,4,2021-09-02,2021-09-30,2021-09-11,2,8.29,Romero y tomillo,1069,3
10918,BOTTM,3,2021-09-02,2021-09-30,2021-09-11,3,48.83,Bottom-Dollar Markets,1010,2
10919,LINOD,2,2021-09-02,2021-09-30,2021-09-04,2,19.8,LINO-Delicateses,1047,2
10920,AROUT,4,2021-09-03,2021-09-30,2021-09-09,2,29.61,Around the Horn,1152,2
10921,VAFFE,1,2021-09-03,2021-10-14,2021-09-09,1,176.48,Vaffeljernet,1083,3
10922,HANAR,5,2021-09-03,2021-09-30,2021-09-05,3,62.74,Hanari Carnes,1034,4
10923,LAMAI,7,2021-09-03,2021-10-14,2021-09-13,3,68.26,La maison d''Asie,1041,3
10924,BERGS,3,2021-09-04,2021-10-01,2021-10-08,2,151.52,Berglunds snabbköp,1005,3
10925,HANAR,3,2021-09-04,2021-10-01,2021-09-13,1,2.27,Hanari Carnes,1034,2
10926,ANATR,4,2021-09-04,2021-10-01,2021-09-11,3,39.92,Ana Trujillo Emparedados y helados,1002,2
10927,LACOR,4,2021-09-05,2021-10-02,2021-10-08,1,19.79,La corne d''abondance,1040,2
10928,GALED,1,2021-09-05,2021-10-02,2021-09-18,1,1.36,Galería del gastronómo,1029,2
10929,FRANK,6,2021-09-05,2021-10-02,2021-09-12,1,33.93,Frankenversand,1025,1
10930,SUPRD,4,2021-09-06,2021-10-17,2021-09-18,3,15.55,Suprêmes délices,1076,4
10931,RICSU,4,2021-09-06,2021-09-20,2021-09-19,2,13.6,Richter Supermarkt,1155,1
10932,BONAP,8,2021-09-06,2021-10-03,2021-09-24,1,134.64,Bon app'',1009,2
10933,ISLAT,6,2021-09-06,2021-10-03,2021-09-16,3,54.15,Island Trading,1038,3
10934,LEHMS,3,2021-09-09,2021-10-06,2021-09-12,3,32.01,Lehmanns Marktstand,1044,3
10935,WELLI,4,2021-09-09,2021-10-06,2021-09-18,3,47.59,Wellington Importadora,1088,1
10936,GREAL,3,2021-09-09,2021-10-06,2021-09-18,2,33.68,Great Lakes Food Market,1032,3
10937,CACTU,7,2021-09-10,2021-09-24,2021-09-13,3,31.51,Cactus Comidas para llevar,1012,1
10938,QUICK,3,2021-09-10,2021-10-07,2021-09-16,2,31.89,QUICK-Stop,1063,2
10939,MAGAA,2,2021-09-10,2021-10-07,2021-09-13,2,76.33,Magazzini Alimentari Riuniti,1049,3
10940,BONAP,8,2021-09-11,2021-10-08,2021-09-23,3,19.77,Bon app'',1009,1
10941,SAVEA,7,2021-09-11,2021-10-08,2021-09-20,2,400.81,Save-a-lot Markets,1071,4
10942,REGGC,9,2021-09-11,2021-10-08,2021-09-18,3,17.95,Reggiani Caseifici,1066,2
10943,BSBEV,4,2021-09-11,2021-10-08,2021-09-19,2,2.17,B''s Beverages,1011,1
10944,BOTTM,6,2021-09-12,2021-09-26,2021-09-13,3,52.92,Bottom-Dollar Markets,1010,1
10945,MORGK,4,2021-09-12,2021-10-09,2021-09-18,1,10.22,Morgenstern Gesundkost,1052,2
10946,VAFFE,1,2021-09-12,2021-10-09,2021-09-19,2,27.2,Vaffeljernet,1083,4
10947,BSBEV,3,2021-09-13,2021-10-10,2021-09-16,2,3.26,B''s Beverages,1011,2
10948,GODOS,3,2021-09-13,2021-10-10,2021-09-19,3,23.39,Godos Cocina Típica,1153,2
10949,BOTTM,2,2021-09-13,2021-10-10,2021-09-17,3,74.44,Bottom-Dollar Markets,1010,1
10950,MAGAA,1,2021-09-16,2021-10-13,2021-09-23,2,2.5,Magazzini Alimentari Riuniti,1049,1
10951,RICSU,9,2021-09-16,2021-10-27,2021-10-07,2,30.85,Richter Supermarkt,1155,1
10952,ALFKI,1,2021-09-16,2021-10-27,2021-09-24,1,40.42,Alfred''s Futterkiste,1001,1
10953,AROUT,9,2021-09-16,2021-09-30,2021-09-25,2,23.72,Around the Horn,1152,1
10954,LINOD,5,2021-09-17,2021-10-28,2021-09-20,1,27.91,LINO-Delicateses,1047,3
10955,FOLKO,8,2021-09-17,2021-10-14,2021-09-20,2,3.26,Folk och fä HB,1024,2
10956,BLAUS,6,2021-09-17,2021-10-28,2021-09-20,2,44.65,Blauer See Delikatessen,1006,3
10957,HILAA,8,2021-09-18,2021-10-15,2021-09-27,3,105.36,HILARION-Abastos,1035,3
10958,OCEAN,7,2021-09-18,2021-10-15,2021-09-27,2,49.56,Océano Atlántico Ltda.,1054,4
10959,GOURL,6,2021-09-18,2021-10-29,2021-09-23,2,4.98,Gourmet Lanchonetes,1031,1
10960,HILAA,3,2021-09-19,2021-10-02,2021-10-08,1,2.08,HILARION-Abastos,1035,2
10961,QUEEN,8,2021-09-19,2021-10-16,2021-09-30,1,104.47,Queen Cozinha,1062,2
10962,QUICK,8,2021-09-19,2021-10-16,2021-09-23,2,275.79,QUICK-Stop,1063,4
10963,FURIB,9,2021-09-19,2021-10-16,2021-09-26,3,2.7,Furia Bacalhau e Frutos do Mar,1028,2
10964,SPECD,3,2021-09-20,2021-10-17,2021-09-24,2,87.38,Spécialités du monde,1074,1
10965,OLDWO,6,2021-09-20,2021-10-17,2021-09-30,3,144.38,Old World Delicatessen,1055,2
10966,CHOPS,4,2021-09-20,2021-10-17,2021-10-08,1,27.19,Chop-suey Chinese,1154,4
10967,TOMSP,2,2021-09-23,2021-10-20,2021-10-02,2,62.22,Toms Spezialitäten,1079,1
10968,ERNSH,1,2021-09-23,2021-10-20,2021-10-01,3,74.6,Ernst Handel,1020,1
10969,COMMI,1,2021-09-23,2021-10-20,2021-09-30,2,0.21,Comércio Mineiro,1015,1
10970,BOLID,9,2021-09-24,2021-10-07,2021-10-24,1,16.16,Bólido Comidas preparadas,1008,2
10971,FRANR,2,2021-09-24,2021-10-21,2021-10-02,2,121.82,France restauration,1026,4
10972,LACOR,4,2021-09-24,2021-10-21,2021-09-26,2,0.02,La corne d''abondance,1040,3
10973,LACOR,6,2021-09-24,2021-10-21,2021-09-27,2,15.17,La corne d''abondance,1040,1
10974,SPLIR,3,2021-09-25,2021-10-08,2021-10-03,3,12.96,Split Rail Beer & Ale,1075,2
10975,BOTTM,1,2021-09-25,2021-10-22,2021-09-27,3,32.27,Bottom-Dollar Markets,1010,3
10976,HILAA,1,2021-09-25,2021-11-06,2021-10-03,1,37.97,HILARION-Abastos,1035,3
10977,FOLKO,8,2021-09-26,2021-10-23,2021-10-10,3,208.5,Folk och fä HB,1024,1
10978,MAISD,9,2021-09-26,2021-10-23,2021-10-23,2,32.82,Maison Dewey,1050,1
10979,ERNSH,8,2021-09-26,2021-10-23,2021-09-30,2,353.07,Ernst Handel,1020,3
10980,FOLKO,4,2021-09-27,2021-11-08,2021-10-17,1,1.26,Folk och fä HB,1024,2
10981,HANAR,1,2021-09-27,2021-10-24,2021-10-02,2,193.37,Hanari Carnes,1034,1
10982,BOTTM,2,2021-09-27,2021-10-24,2021-10-08,1,14.01,Bottom-Dollar Markets,1010,1
10983,SAVEA,2,2021-09-27,2021-10-24,2021-10-06,2,657.54,Save-a-lot Markets,1071,4
10984,SAVEA,1,2021-09-30,2021-10-27,2021-10-03,3,211.22,Save-a-lot Markets,1071,3
10985,HUNGO,2,2021-09-30,2021-10-27,2021-10-02,1,91.51,Hungry Owl All-Night Grocers,1037,2
10986,OCEAN,8,2021-09-30,2021-10-27,2021-10-21,2,217.86,Océano Atlántico Ltda.,1054,2
10987,EASTC,8,2021-09-30,2021-10-28,2021-10-06,1,185.48,Eastern Connection,1019,3
10988,RATTC,3,2021-09-30,2021-10-28,2021-10-10,2,61.14,Rattlesnake Canyon Grocery,1065,2
10989,QUEDE,2,2021-09-30,2021-10-28,2021-10-02,1,34.76,Que Delícia,1061,1
10990,ERNSH,2,2021-10-01,2021-11-13,2021-10-07,3,117.61,Ernst Handel,1020,1
10991,QUICK,1,2021-10-01,2021-10-29,2021-10-07,1,38.51,QUICK-Stop,1063,1
10992,THEBI,1,2021-10-01,2021-10-29,2021-10-03,3,4.27,The Big Cheese,1077,3
10993,FOLKO,7,2021-10-01,2021-10-29,2021-10-10,3,8.81,Folk och fä HB,1024,1
10994,VAFFE,2,2021-10-02,2021-10-16,2021-10-09,3,65.53,Vaffeljernet,1083,3
10995,PERIC,1,2021-10-02,2021-10-30,2021-10-06,3,46.0,Pericles Comidas clásicas,1058,2
10996,QUICK,4,2021-10-02,2021-10-30,2021-10-10,2,1.12,QUICK-Stop,1063,3
10997,LILAS,8,2021-10-03,2021-11-15,2021-10-13,2,73.91,LILA-Supermercado,1046,1
10998,WOLZA,8,2021-10-03,2021-10-17,2021-10-17,2,20.31,Wolski Zajazd,1091,1
10999,OTTIK,6,2021-10-03,2021-11-01,2021-10-10,2,96.35,Ottilies Käseladen,1056,2
11000,RATTC,2,2021-10-06,2021-11-04,2021-10-14,3,55.12,Rattlesnake Canyon Grocery,1065,4
11001,FOLKO,2,2021-10-06,2021-11-04,2021-10-14,2,197.3,Folk och fä HB,1024,1
11002,SAVEA,4,2021-10-06,2021-11-04,2021-10-16,1,141.16,Save-a-lot Markets,1071,1
11003,THECR,3,2021-10-06,2021-11-04,2021-10-08,3,14.91,The Cracker Box,1078,1
11004,MAISD,3,2021-10-07,2021-11-05,2021-10-20,1,44.84,Maison Dewey,1050,2
11005,WILMK,2,2021-10-07,2021-11-05,2021-10-10,1,0.75,Wilman Kala,1090,2
11006,GREAL,3,2021-10-07,2021-11-05,2021-10-15,2,25.19,Great Lakes Food Market,1032,1
11007,PRINI,8,2021-10-08,2021-11-06,2021-10-13,2,202.24,Princesa Isabel Vinhos,1060,2
11008,ERNSH,7,2021-10-08,2021-11-06,,3,79.46,Ernst Handel,1020,2
11009,GODOS,2,2021-10-08,2021-11-06,2021-10-10,1,59.11,Godos Cocina Típica,1153,2
11010,REGGC,2,2021-10-09,2021-11-07,2021-10-21,2,28.71,Reggiani Caseifici,1066,3
11011,ALFKI,3,2021-10-09,2021-11-07,2021-10-13,1,1.21,Alfred''s Futterkiste,1001,1
11012,FRANK,1,2021-10-09,2021-10-23,2021-10-17,3,242.95,Frankenversand,1025,1
11013,ROMEY,2,2021-10-09,2021-11-07,2021-10-10,1,32.99,Romero y tomillo,1069,2
11014,LINOD,2,2021-10-10,2021-11-08,2021-10-15,3,23.6,LINO-Delicateses,1047,2
11015,SANTG,2,2021-10-10,2021-10-24,2021-10-20,2,4.62,Santé Gourmet,1070,1
11016,AROUT,9,2021-10-10,2021-11-08,2021-10-13,2,33.8,Around the Horn,1152,1
11017,ERNSH,9,2021-10-13,2021-11-11,2021-10-20,2,754.26,Ernst Handel,1020,3
11018,LONEP,4,2021-10-13,2021-11-11,2021-10-16,2,11.65,Lonesome Pine Restaurant,1048,2
11019,RANCH,6,2021-10-13,2021-11-11,,3,3.17,Rancho grande,1064,3
11020,OTTIK,2,2021-10-14,2021-11-12,2021-10-16,2,43.3,Ottilies Käseladen,1056,2
11021,QUICK,3,2021-10-14,2021-11-12,2021-10-21,1,297.18,QUICK-Stop,1063,1
11022,HANAR,9,2021-10-14,2021-11-12,2021-11-04,2,6.27,Hanari Carnes,1034,3
11023,BSBEV,1,2021-10-14,2021-10-28,2021-10-24,2,123.83,B''s Beverages,1011,4
11024,EASTC,4,2021-10-15,2021-11-13,2021-10-20,1,74.36,Eastern Connection,1019,1
11025,WARTH,6,2021-10-15,2021-11-13,2021-10-24,3,29.17,Wartian Herkku,1087,1
11026,FRANS,4,2021-10-15,2021-11-13,2021-10-28,1,47.09,Franchi S.p.A.,1027,2
11027,BOTTM,1,2021-10-16,2021-11-14,2021-10-20,1,52.52,Bottom-Dollar Markets,1010,2
11028,KOENE,2,2021-10-16,2021-11-14,2021-10-22,1,29.59,Königlich Essen,1039,2
11029,CHOPS,4,2021-10-16,2021-11-14,2021-10-27,1,47.84,Chop-suey Chinese,1154,2
11030,SAVEA,7,2021-10-17,2021-11-15,2021-10-27,2,830.75,Save-a-lot Markets,1071,3
11031,SAVEA,6,2021-10-17,2021-11-15,2021-10-24,2,227.22,Save-a-lot Markets,1071,2
11032,WHITC,2,2021-10-17,2021-11-15,2021-10-23,3,606.19,White Clover Markets,1149,1
11033,RICSU,7,2021-10-17,2021-11-15,2021-10-23,3,84.74,Richter Supermarkt,1155,2
11034,OLDWO,8,2021-10-20,2021-12-01,2021-10-27,1,40.32,Old World Delicatessen,1055,3
11035,SUPRD,2,2021-10-20,2021-11-18,2021-10-24,2,0.17,Suprêmes délices,1076,2
11036,DRACD,8,2021-10-20,2021-11-18,2021-10-22,3,149.47,Drachenblut Delikatessen,1017,1
11037,GODOS,7,2021-10-21,2021-11-19,2021-10-27,1,3.2,Godos Cocina Típica,1153,4
11038,SUPRD,1,2021-10-21,2021-11-19,2021-10-30,2,29.59,Suprêmes délices,1076,1
11039,LINOD,1,2021-10-21,2021-11-19,,2,65.0,LINO-Delicateses,1047,1
11040,GREAL,4,2021-10-22,2021-11-20,,3,18.84,Great Lakes Food Market,1032,3
11041,CHOPS,3,2021-10-22,2021-11-20,2021-10-28,2,48.22,Chop-suey Chinese,1154,1
11042,COMMI,2,2021-10-22,2021-11-06,2021-11-01,1,29.99,Comércio Mineiro,1015,2
11043,SPECD,5,2021-10-22,2021-11-20,2021-10-29,2,8.8,Spécialités du monde,1074,2
11044,WOLZA,4,2021-10-23,2021-11-21,2021-11-01,1,8.72,Wolski Zajazd,1091,2
11045,BOTTM,6,2021-10-23,2021-11-21,,2,70.58,Bottom-Dollar Markets,1010,2
11046,WANDK,8,2021-10-23,2021-11-21,2021-10-24,2,71.64,Die Wandernde Kuh,1086,1
11047,EASTC,7,2021-10-24,2021-11-22,2021-11-01,3,46.62,Eastern Connection,1019,1
11048,BOTTM,7,2021-10-24,2021-11-22,2021-10-30,3,24.12,Bottom-Dollar Markets,1010,3
11049,GOURL,3,2021-10-24,2021-11-22,2021-11-04,1,8.34,Gourmet Lanchonetes,1031,1
11050,FOLKO,8,2021-10-27,2021-11-25,2021-11-05,2,59.41,Folk och fä HB,1024,1
11051,LAMAI,7,2021-10-27,2021-11-25,,3,2.79,La maison d''Asie,1041,2
11052,HANAR,3,2021-10-27,2021-11-25,2021-11-01,1,67.26,Hanari Carnes,1034,3
11053,PICCO,2,2021-10-27,2021-11-25,2021-10-29,2,53.05,Piccolo und mehr,1059,1
11054,CACTU,8,2021-10-28,2021-11-26,,1,0.33,Cactus Comidas para llevar,1012,3
11055,HILAA,7,2021-10-28,2021-11-26,2021-11-05,2,120.92,HILARION-Abastos,1035,1
11056,EASTC,8,2021-10-28,2021-11-12,2021-11-01,2,278.96,Eastern Connection,1019,1
11057,NORTS,3,2021-10-29,2021-11-27,2021-11-01,3,4.13,North/South,1053,2
11058,BLAUS,9,2021-10-29,2021-11-27,,3,31.14,Blauer See Delikatessen,1006,1
11059,RICAR,2,2021-10-29,2021-12-10,,2,85.8,Ricardo Adocicados,1067,2
11060,FRANS,2,2021-10-30,2021-11-28,2021-11-04,2,10.98,Franchi S.p.A.,1027,2
11061,GREAL,4,2021-10-30,2021-12-11,,3,14.01,Great Lakes Food Market,1032,3
11062,REGGC,4,2021-10-30,2021-11-28,,2,29.93,Reggiani Caseifici,1066,1
11063,HUNGO,3,2021-10-30,2021-11-28,2021-11-06,2,81.73,Hungry Owl All-Night Grocers,1037,1
11064,SAVEA,1,2021-11-01,2021-11-29,2021-11-04,1,30.09,Save-a-lot Markets,1071,3
11065,LILAS,8,2021-11-01,2021-11-29,,1,12.91,LILA-Supermercado,1046,4
11066,WHITC,7,2021-11-01,2021-11-29,2021-11-04,2,44.72,White Clover Markets,1149,1
11067,DRACD,1,2021-11-04,2021-11-18,2021-11-06,2,7.98,Drachenblut Delikatessen,1017,2
11068,QUEEN,8,2021-11-04,2021-12-01,,2,81.75,Queen Cozinha,1062,3
11069,TORTU,1,2021-11-04,2021-12-01,2021-11-06,2,15.67,Tortuga Restaurante,1080,1
11070,LEHMS,2,2021-11-05,2021-12-02,,1,136.0,Lehmanns Marktstand,1044,1
11071,LILAS,1,2021-11-05,2021-12-02,,1,0.93,LILA-Supermercado,1046,1
11072,ERNSH,4,2021-11-05,2021-12-02,,2,258.64,Ernst Handel,1020,1
11073,PERIC,2,2021-11-05,2021-12-02,,2,24.95,Pericles Comidas clásicas,1058,1
11074,SIMOB,7,2021-11-06,2021-12-03,,2,18.44,Simons bistro,1073,1
11075,RICSU,8,2021-11-06,2021-12-03,,2,6.19,Richter Supermarkt,1155,1
11076,BONAP,4,2021-11-06,2021-12-03,,2,38.28,Bon app'',1009,2
11077,RATTC,1,2021-11-06,2021-12-03,,2,8.53,Rattlesnake Canyon Grocery,1065,3
